lieu,date,temperatureMaximale,temperatureMinimale,vitesseVent,Humidite,Visibilite,etat,ajuste
Zarzis,01/01/2017,14°,12°,13km/h,63%,9km,Nuageux,1mm
Zarzis,02/01/2017,14°,11°,18km/h,49%,10km,Ciel dégagé  pleinement ensoleillé,0mm
Zarzis,03/01/2017,15°,11°,31km/h,10km,4%,Ciel dégagé  pleinement ensoleillé,54%
Zarzis,04/01/2017,16°,11°,17km/h,10km,6%,Ciel dégagé  pleinement ensoleillé,49%
Zarzis,05/01/2017,17°,12°,27km/h,10km,8%,Ciel dégagé  pleinement ensoleillé,48%
Zarzis,06/01/2017,14°,13°,35km/h,10km,25%,Ciel dégagé  pleinement ensoleillé,63%
Zarzis,07/01/2017,13°,10°,26km/h,10km,28%,Soleil et partiellement nuageux,54%
Zarzis,08/01/2017,14°,11°,31km/h,65%,10km,Soleil et partiellement nuageux,0mm
Zarzis,09/01/2017,14°,12°,44km/h,68%,9.75km,Soleil et partiellement nuageux,3mm
Zarzis,10/01/2017,14°,11°,22km/h,56%,10km,Ciel dégagé  pleinement ensoleillé,0mm
Zarzis,11/01/2017,15°,11°,22km/h,10km,44%,Nuageux,55%
Zarzis,12/01/2017,16°,13°,18km/h,10km,7%,Ciel dégagé  pleinement ensoleillé,61%
Zarzis,13/01/2017,17°,12°,22km/h,77%,10km,Ciel dégagé  pleinement ensoleillé,0mm
Zarzis,14/01/2017,14°,13°,17km/h,74%,9.875km,Couvert,1mm
Zarzis,15/01/2017,13°,11°,29km/h,73%,10km,Ciel dégagé  pleinement ensoleillé,0mm
Zarzis,16/01/2017,12°,9°,33km/h,54%,10km,Ciel dégagé  pleinement ensoleillé,0mm
Zarzis,17/01/2017,14°,10°,38km/h,58%,9.25km,Couvert,1mm
Zarzis,18/01/2017,13°,9°,33km/h,50%,10km,Ciel dégagé  pleinement ensoleillé,0mm
Zarzis,19/01/2017,14°,8°,19km/h,10km,33%,Ciel dégagé  pleinement ensoleillé,59%
Zarzis,20/01/2017,19°,15°,36km/h,10km,7%,Ciel dégagé  pleinement ensoleillé,69%
Zarzis,21/01/2017,17°,12°,22km/h,10km,30%,Soleil et partiellement nuageux,37%
Zarzis,22/01/2017,16°,10°,16km/h,10km,4%,Ciel dégagé  pleinement ensoleillé,54%
Zarzis,23/01/2017,16°,11°,25km/h,10km,13%,Ciel dégagé  pleinement ensoleillé,49%
Zarzis,24/01/2017,16°,11°,25km/h,58%,10km,Ciel dégagé  pleinement ensoleillé,0mm
Zarzis,25/01/2017,14°,11°,19km/h,70%,10km,Ciel dégagé  pleinement ensoleillé,1mm
Zarzis,26/01/2017,16°,11°,12km/h,68%,10km,Ciel dégagé  pleinement ensoleillé,0mm
Zarzis,27/01/2017,17°,11°,19km/h,53%,10km,Couvert,0mm
Zarzis,28/01/2017,17°,12°,23km/h,43%,9.875km,Soleil et partiellement nuageux,1mm
Zarzis,29/01/2017,14°,12°,27km/h,65%,10km,Soleil et partiellement nuageux,1mm
Zarzis,30/01/2017,15°,12°,19km/h,80%,10km,Soleil et partiellement nuageux,1mm
Zarzis,31/01/2017,17°,11°,13km/h,79%,10km,Ciel dégagé  pleinement ensoleillé,0mm
Zarzis,01/02/2017,19°,13°,23km/h,10km,33%,Soleil et partiellement nuageux,58%
Zarzis,02/02/2017,19°,13°,20km/h,10km,38%,Ciel dégagé  pleinement ensoleillé,57%
Zarzis,03/02/2017,19°,14°,15km/h,10km,35%,Ciel dégagé  pleinement ensoleillé,61%
Zarzis,04/02/2017,21°,13°,9km/h,10km,26%,Soleil et partiellement nuageux,66%
Zarzis,05/02/2017,23°,15°,29km/h,10km,16%,Ciel dégagé  pleinement ensoleillé,53%
Zarzis,06/02/2017,18°,14°,35km/h,10km,10%,Ciel dégagé  pleinement ensoleillé,47%
Zarzis,07/02/2017,18°,13°,40km/h,10km,12%,Ciel dégagé  pleinement ensoleillé,55%
Zarzis,08/02/2017,20°,13°,18km/h,10km,23%,Ciel dégagé  pleinement ensoleillé,70%
Zarzis,09/02/2017,16°,12°,32km/h,10km,13%,Ciel dégagé  pleinement ensoleillé,49%
Zarzis,10/02/2017,17°,12°,37km/h,10km,16%,Ciel dégagé  pleinement ensoleillé,52%
Zarzis,11/02/2017,17°,11°,23km/h,10km,20%,Ciel dégagé  pleinement ensoleillé,60%
Zarzis,12/02/2017,19°,13°,30km/h,10km,24%,Soleil et partiellement nuageux,66%
Zarzis,13/02/2017,20°,14°,24km/h,10km,6%,Ciel dégagé  pleinement ensoleillé,65%
Zarzis,14/02/2017,20°,14°,38km/h,10km,54%,Couvert,71%
Zarzis,15/02/2017,17°,15°,43km/h,10km,18%,Ciel dégagé  pleinement ensoleillé,80%
Zarzis,16/02/2017,16°,14°,32km/h,10km,32%,Ciel dégagé  pleinement ensoleillé,83%
Zarzis,17/02/2017,19°,14°,23km/h,10km,4%,Ciel dégagé  pleinement ensoleillé,72%
Zarzis,18/02/2017,19°,15°,21km/h,10km,5%,Ciel dégagé  pleinement ensoleillé,79%
Zarzis,19/02/2017,16°,14°,23km/h,10km,64%,Couvert,78%
Zarzis,20/02/2017,16°,11°,15km/h,10km,26%,Ciel dégagé  pleinement ensoleillé,83%
Zarzis,21/02/2017,16°,13°,17km/h,10km,3%,Ciel dégagé  pleinement ensoleillé,69%
Zarzis,22/02/2017,20°,12°,16km/h,10km,1%,Ciel dégagé  pleinement ensoleillé,71%
Zarzis,23/02/2017,23°,15°,18km/h,50%,10km,Ciel dégagé  pleinement ensoleillé,0mm
Zarzis,24/02/2017,28°,19°,31km/h,39%,10km,Soleil et partiellement nuageux,1mm
Zarzis,25/02/2017,21°,15°,23km/h,78%,10km,Ciel dégagé  pleinement ensoleillé,1mm
Zarzis,26/02/2017,14°,13°,22km/h,81%,10km,Couvert,0mm
Zarzis,27/02/2017,17°,13°,24km/h,10km,50%,Soleil et partiellement nuageux,80%
Zarzis,28/02/2017,20°,13°,12km/h,10km,1%,Ciel dégagé  pleinement ensoleillé,68%
Zarzis,01/03/2017,19°,15°,22km/h,10km,2%,Ciel dégagé  pleinement ensoleillé,71%
Zarzis,02/03/2017,19°,14°,22km/h,10km,0%,Ciel dégagé  pleinement ensoleillé,77%
Zarzis,03/03/2017,22°,15°,27km/h,10km,5%,Ciel dégagé  pleinement ensoleillé,66%
Zarzis,04/03/2017,25°,16°,26km/h,10km,3%,Ciel dégagé  pleinement ensoleillé,47%
Zarzis,05/03/2017,20°,17°,23km/h,10km,14%,Ciel dégagé  pleinement ensoleillé,69%
Zarzis,06/03/2017,18°,16°,17km/h,10km,17%,Ciel dégagé  pleinement ensoleillé,69%
Zarzis,07/03/2017,22°,17°,30km/h,63%,10km,Ciel dégagé  pleinement ensoleillé,0mm
Zarzis,08/03/2017,19°,15°,46km/h,60%,9.875km,Ciel dégagé  pleinement ensoleillé,2mm
Zarzis,09/03/2017,19°,13°,39km/h,62%,10km,Ciel dégagé  pleinement ensoleillé,0mm
Zarzis,10/03/2017,23°,15°,22km/h,10km,5%,Ciel dégagé  pleinement ensoleillé,71%
Zarzis,11/03/2017,19°,15°,30km/h,10km,0%,Ciel dégagé  pleinement ensoleillé,70%
Zarzis,12/03/2017,21°,14°,20km/h,10km,11%,Ciel dégagé  pleinement ensoleillé,58%
Zarzis,13/03/2017,26°,17°,18km/h,10km,4%,Ciel dégagé  pleinement ensoleillé,30%
Zarzis,14/03/2017,19°,16°,35km/h,10km,20%,Ciel dégagé  pleinement ensoleillé,79%
Zarzis,15/03/2017,16°,15°,39km/h,76%,10km,Couvert,0mm
Zarzis,16/03/2017,16°,14°,44km/h,76%,9.5km,Couvert,4mm
Zarzis,17/03/2017,17°,14°,24km/h,65%,10km,Ciel dégagé  pleinement ensoleillé,0mm
Zarzis,18/03/2017,18°,13°,14km/h,10km,0%,Ciel dégagé  pleinement ensoleillé,67%
Zarzis,19/03/2017,21°,15°,19km/h,57%,10km,Ciel dégagé  pleinement ensoleillé,0mm
Zarzis,20/03/2017,21°,15°,20km/h,83%,8.375km,Foyers orageux à proximité,8mm
Zarzis,21/03/2017,17°,15°,42km/h,84%,9.875km,Couvert,1mm
Zarzis,22/03/2017,18°,15°,21km/h,80%,10km,Ciel dégagé  pleinement ensoleillé,0mm
Zarzis,23/03/2017,20°,15°,24km/h,10km,33%,Ciel dégagé  pleinement ensoleillé,75%
Zarzis,24/03/2017,21°,16°,35km/h,10km,2%,Ciel dégagé  pleinement ensoleillé,80%
Zarzis,25/03/2017,26°,18°,22km/h,10km,1%,Ciel dégagé  pleinement ensoleillé,64%
Zarzis,26/03/2017,19°,16°,27km/h,10km,30%,Soleil et partiellement nuageux,88%
Zarzis,27/03/2017,19°,15°,15km/h,10km,18%,Ciel dégagé  pleinement ensoleillé,75%
Zarzis,28/03/2017,18°,16°,23km/h,10km,23%,Ciel dégagé  pleinement ensoleillé,71%
Zarzis,29/03/2017,17°,15°,27km/h,10km,19%,Ciel dégagé  pleinement ensoleillé,76%
Zarzis,30/03/2017,17°,15°,23km/h,10km,9%,Ciel dégagé  pleinement ensoleillé,68%
Zarzis,31/03/2017,20°,16°,17km/h,10km,7%,Ciel dégagé  pleinement ensoleillé,54%
Zarzis,01/04/2017,26°,18°,21km/h,10km,21%,Ciel dégagé  pleinement ensoleillé,38%
Zarzis,02/04/2017,21°,17°,24km/h,10km,3%,Ciel dégagé  pleinement ensoleillé,68%
Zarzis,03/04/2017,20°,16°,24km/h,10km,8%,Ciel dégagé  pleinement ensoleillé,64%
Zarzis,04/04/2017,20°,16°,16km/h,10km,15%,Ciel dégagé  pleinement ensoleillé,66%
Zarzis,05/04/2017,20°,16°,15km/h,10km,6%,Ciel dégagé  pleinement ensoleillé,68%
Zarzis,06/04/2017,22°,17°,31km/h,10km,5%,Ciel dégagé  pleinement ensoleillé,59%
Zarzis,07/04/2017,21°,18°,40km/h,70%,10km,Ciel dégagé  pleinement ensoleillé,0mm
Zarzis,08/04/2017,19°,17°,42km/h,81%,10km,Couvert,1mm
Zarzis,09/04/2017,17°,16°,43km/h,79%,8.875km,Couvert,4mm
Zarzis,10/04/2017,17°,16°,40km/h,81%,9.875km,Couvert,0mm
Zarzis,11/04/2017,18°,16°,19km/h,10km,21%,Ciel dégagé  pleinement ensoleillé,73%
Zarzis,12/04/2017,20°,17°,17km/h,57%,10km,Ciel dégagé  pleinement ensoleillé,0mm
Zarzis,13/04/2017,21°,17°,19km/h,61%,10km,Ciel dégagé  pleinement ensoleillé,1mm
Zarzis,14/04/2017,26°,19°,23km/h,54%,10km,Ciel dégagé  pleinement ensoleillé,0mm
Zarzis,15/04/2017,27°,21°,23km/h,10km,8%,Ciel dégagé  pleinement ensoleillé,53%
Zarzis,16/04/2017,24°,20°,36km/h,10km,10%,Ciel dégagé  pleinement ensoleillé,64%
Zarzis,17/04/2017,21°,18°,18km/h,10km,5%,Ciel dégagé  pleinement ensoleillé,58%
Zarzis,18/04/2017,28°,21°,24km/h,10km,12%,Ciel dégagé  pleinement ensoleillé,42%
Zarzis,19/04/2017,22°,19°,27km/h,10km,26%,Ciel dégagé  pleinement ensoleillé,68%
Zarzis,20/04/2017,19°,17°,37km/h,65%,10km,Soleil et partiellement nuageux,0mm
Zarzis,21/04/2017,16°,15°,30km/h,72%,9km,Couvert,1mm
Zarzis,22/04/2017,17°,15°,24km/h,59%,10km,Ciel dégagé  pleinement ensoleillé,0mm
Zarzis,23/04/2017,19°,14°,23km/h,10km,3%,Ciel dégagé  pleinement ensoleillé,65%
Zarzis,24/04/2017,23°,18°,26km/h,10km,6%,Ciel dégagé  pleinement ensoleillé,72%
Zarzis,25/04/2017,22°,19°,22km/h,9.875km,30%,Foyers orageux à proximité,70%
Zarzis,26/04/2017,22°,19°,20km/h,10km,5%,Ciel dégagé  pleinement ensoleillé,77%
Zarzis,27/04/2017,22°,18°,18km/h,10km,4%,Ciel dégagé  pleinement ensoleillé,77%
Zarzis,28/04/2017,32°,22°,27km/h,10km,37%,Soleil et partiellement nuageux,49%
Zarzis,29/04/2017,20°,18°,31km/h,10km,27%,Ciel dégagé  pleinement ensoleillé,77%
Zarzis,30/04/2017,20°,18°,23km/h,10km,22%,Ciel dégagé  pleinement ensoleillé,69%
Zarzis,01/05/2017,22°,19°,23km/h,10km,10%,Ciel dégagé  pleinement ensoleillé,69%
Zarzis,02/05/2017,21°,18°,29km/h,10km,8%,Ciel dégagé  pleinement ensoleillé,70%
Zarzis,03/05/2017,21°,18°,23km/h,10km,10%,Ciel dégagé  pleinement ensoleillé,72%
Zarzis,04/05/2017,27°,20°,21km/h,10km,6%,Ciel dégagé  pleinement ensoleillé,70%
Zarzis,05/05/2017,32°,25°,24km/h,10km,3%,Ciel dégagé  pleinement ensoleillé,43%
Zarzis,06/05/2017,33°,27°,26km/h,10km,2%,Ciel dégagé  pleinement ensoleillé,39%
Zarzis,07/05/2017,23°,20°,31km/h,10km,16%,Ciel dégagé  pleinement ensoleillé,71%
Zarzis,08/05/2017,22°,20°,28km/h,10km,6%,Ciel dégagé  pleinement ensoleillé,56%
Zarzis,09/05/2017,25°,20°,31km/h,10km,1%,Ciel dégagé  pleinement ensoleillé,63%
Zarzis,10/05/2017,35°,25°,28km/h,10km,5%,Ciel dégagé  pleinement ensoleillé,32%
Zarzis,11/05/2017,39°,30°,42km/h,22%,10km,Soleil et partiellement nuageux,0mm
Zarzis,12/05/2017,35°,27°,21km/h,52%,9.875km,Ciel dégagé  pleinement ensoleillé,2mm
Zarzis,13/05/2017,24°,22°,27km/h,73%,9.875km,Ciel dégagé  pleinement ensoleillé,3mm
Zarzis,14/05/2017,24°,22°,28km/h,69%,10km,Soleil et partiellement nuageux,3mm
Zarzis,15/05/2017,22°,21°,28km/h,80%,9.75km,Couvert,3mm
Zarzis,16/05/2017,24°,21°,22km/h,68%,10km,Ciel dégagé  pleinement ensoleillé,0mm
Zarzis,17/05/2017,22°,20°,20km/h,10km,7%,Ciel dégagé  pleinement ensoleillé,71%
Zarzis,18/05/2017,25°,20°,24km/h,10km,5%,Ciel dégagé  pleinement ensoleillé,68%
Zarzis,19/05/2017,29°,23°,25km/h,10km,3%,Ciel dégagé  pleinement ensoleillé,53%
Zarzis,20/05/2017,24°,21°,27km/h,10km,18%,Ciel dégagé  pleinement ensoleillé,69%
Zarzis,21/05/2017,22°,20°,22km/h,10km,3%,Ciel dégagé  pleinement ensoleillé,59%
Zarzis,22/05/2017,22°,20°,17km/h,10km,5%,Ciel dégagé  pleinement ensoleillé,64%
Zarzis,23/05/2017,26°,21°,27km/h,10km,17%,Ciel dégagé  pleinement ensoleillé,67%
Zarzis,24/05/2017,24°,22°,21km/h,10km,29%,Ciel dégagé  pleinement ensoleillé,68%
Zarzis,25/05/2017,26°,21°,23km/h,72%,10km,Ciel dégagé  pleinement ensoleillé,0mm
Zarzis,26/05/2017,28°,24°,22km/h,57%,9.875km,Soleil et partiellement nuageux,2mm
Zarzis,27/05/2017,24°,22°,22km/h,73%,10km,Ciel dégagé  pleinement ensoleillé,0mm
Zarzis,28/05/2017,24°,21°,26km/h,71%,10km,Ciel dégagé  pleinement ensoleillé,2mm
Zarzis,29/05/2017,24°,22°,34km/h,66%,10km,Ciel dégagé  pleinement ensoleillé,0mm
Zarzis,30/05/2017,24°,21°,30km/h,10km,17%,Ciel dégagé  pleinement ensoleillé,75%
Zarzis,31/05/2017,24°,21°,31km/h,10km,15%,Ciel dégagé  pleinement ensoleillé,77%
Zarzis,01/06/2017,24°,22°,32km/h,76%,10km,Ciel dégagé  pleinement ensoleillé,0mm
Zarzis,02/06/2017,25°,22°,30km/h,75%,9.875km,Ciel dégagé  pleinement ensoleillé,1mm
Zarzis,03/06/2017,25°,23°,21km/h,70%,10km,Ciel dégagé  pleinement ensoleillé,0mm
Zarzis,04/06/2017,26°,23°,30km/h,66%,10km,Ciel dégagé  pleinement ensoleillé,0mm
Zarzis,05/06/2017,25°,23°,30km/h,73%,9.75km,Pluie légère et soleil,3mm
Zarzis,06/06/2017,25°,22°,25km/h,80%,10km,Ciel dégagé  pleinement ensoleillé,0mm
Zarzis,07/06/2017,25°,23°,17km/h,10km,8%,Ciel dégagé  pleinement ensoleillé,66%
Zarzis,08/06/2017,25°,23°,21km/h,10km,1%,Ciel dégagé  pleinement ensoleillé,60%
Zarzis,09/06/2017,29°,24°,27km/h,10km,0%,Ciel dégagé  pleinement ensoleillé,50%
Zarzis,10/06/2017,32°,26°,23km/h,10km,6%,Ciel dégagé  pleinement ensoleillé,52%
Zarzis,11/06/2017,26°,24°,24km/h,10km,5%,Ciel dégagé  pleinement ensoleillé,74%
Zarzis,12/06/2017,25°,23°,26km/h,10km,6%,Ciel dégagé  pleinement ensoleillé,74%
Zarzis,13/06/2017,26°,23°,24km/h,10km,0%,Ciel dégagé  pleinement ensoleillé,71%
Zarzis,14/06/2017,27°,23°,23km/h,10km,0%,Ciel dégagé  pleinement ensoleillé,77%
Zarzis,15/06/2017,29°,24°,22km/h,10km,3%,Ciel dégagé  pleinement ensoleillé,66%
Zarzis,16/06/2017,28°,24°,18km/h,10km,22%,Ciel dégagé  pleinement ensoleillé,71%
Zarzis,17/06/2017,30°,24°,18km/h,10km,24%,Ciel dégagé  pleinement ensoleillé,63%
Zarzis,18/06/2017,28°,25°,27km/h,10km,43%,Ciel dégagé  pleinement ensoleillé,71%
Zarzis,19/06/2017,27°,24°,27km/h,10km,29%,Ciel dégagé  pleinement ensoleillé,77%
Zarzis,20/06/2017,26°,24°,23km/h,10km,0%,Ciel dégagé  pleinement ensoleillé,66%
Zarzis,21/06/2017,28°,23°,26km/h,10km,4%,Ciel dégagé  pleinement ensoleillé,67%
Zarzis,22/06/2017,29°,25°,28km/h,10km,9%,Ciel dégagé  pleinement ensoleillé,67%
Zarzis,23/06/2017,28°,25°,25km/h,10km,3%,Ciel dégagé  pleinement ensoleillé,68%
Zarzis,24/06/2017,29°,25°,16km/h,10km,0%,Ciel dégagé  pleinement ensoleillé,64%
Zarzis,25/06/2017,30°,25°,20km/h,10km,1%,Ciel dégagé  pleinement ensoleillé,58%
Zarzis,26/06/2017,34°,28°,23km/h,10km,1%,Ciel dégagé  pleinement ensoleillé,41%
Zarzis,27/06/2017,39°,31°,25km/h,10km,5%,Ciel dégagé  pleinement ensoleillé,28%
Zarzis,28/06/2017,40°,35°,27km/h,10km,3%,Ciel dégagé  pleinement ensoleillé,27%
Zarzis,29/06/2017,36°,32°,28km/h,10km,0%,Ciel dégagé  pleinement ensoleillé,43%
Zarzis,30/06/2017,42°,34°,33km/h,10km,0%,Ciel dégagé  pleinement ensoleillé,36%
Zarzis,01/07/2017,29°,26°,38km/h,10km,4%,Ciel dégagé  pleinement ensoleillé,78%
Zarzis,02/07/2017,28°,25°,35km/h,10km,2%,Ciel dégagé  pleinement ensoleillé,62%
Zarzis,03/07/2017,26°,24°,26km/h,10km,6%,Ciel dégagé  pleinement ensoleillé,61%
Zarzis,04/07/2017,27°,24°,19km/h,10km,3%,Ciel dégagé  pleinement ensoleillé,66%
Zarzis,05/07/2017,28°,24°,22km/h,10km,0%,Ciel dégagé  pleinement ensoleillé,71%
Zarzis,06/07/2017,29°,25°,26km/h,10km,30,Ciel dégagé  pleinement ensoleillé,68%
Zarzis,07/07/2017,30°,26°,24km/h,10km,30,Ciel dégagé  pleinement ensoleillé,62%
Zarzis,08/07/2017,31°,26°,24km/h,10km,31,Ciel dégagé  pleinement ensoleillé,63%
Zarzis,09/07/2017,31°,26°,26km/h,10km,32,Ciel dégagé  pleinement ensoleillé,65%
Zarzis,10/07/2017,33°,27°,25km/h,10km,33,Ciel dégagé  pleinement ensoleillé,59%
Zarzis,11/07/2017,34°,29°,22km/h,10km,34,Ciel dégagé  pleinement ensoleillé,46%
Zarzis,12/07/2017,38°,30°,12km/h,10km,0%,Ciel dégagé  pleinement ensoleillé,41%
Zarzis,13/07/2017,33°,30°,20km/h,10km,1%,Ciel dégagé  pleinement ensoleillé,47%
Zarzis,14/07/2017,33°,28°,21km/h,10km,0%,Ciel dégagé  pleinement ensoleillé,57%
Zarzis,15/07/2017,31°,28°,19km/h,10km,0%,Ciel dégagé  pleinement ensoleillé,60%
Zarzis,16/07/2017,30°,27°,24km/h,10km,2%,Ciel dégagé  pleinement ensoleillé,62%
Zarzis,17/07/2017,29°,27°,30km/h,10km,2%,Ciel dégagé  pleinement ensoleillé,58%
Zarzis,18/07/2017,28°,26°,20km/h,10km,0%,Ciel dégagé  pleinement ensoleillé,55%
Zarzis,19/07/2017,30°,26°,28km/h,10km,2%,Ciel dégagé  pleinement ensoleillé,60%
Zarzis,20/07/2017,32°,28°,26km/h,10km,4%,Ciel dégagé  pleinement ensoleillé,64%
Zarzis,21/07/2017,32°,28°,30km/h,10km,3%,Ciel dégagé  pleinement ensoleillé,70%
Zarzis,22/07/2017,35°,29°,24km/h,10km,2%,Ciel dégagé  pleinement ensoleillé,60%
Zarzis,23/07/2017,37°,31°,16km/h,10km,3%,Ciel dégagé  pleinement ensoleillé,41%
Zarzis,24/07/2017,40°,33°,23km/h,10km,5%,Ciel dégagé  pleinement ensoleillé,32%
Zarzis,25/07/2017,29°,27°,27km/h,10km,7%,Ciel dégagé  pleinement ensoleillé,69%
Zarzis,26/07/2017,29°,26°,26km/h,10km,4%,Ciel dégagé  pleinement ensoleillé,67%
Zarzis,27/07/2017,28°,27°,23km/h,10km,4%,Ciel dégagé  pleinement ensoleillé,64%
Zarzis,28/07/2017,30°,26°,17km/h,10km,1%,Ciel dégagé  pleinement ensoleillé,62%
Zarzis,29/07/2017,30°,26°,21km/h,10km,0%,Ciel dégagé  pleinement ensoleillé,67%
Zarzis,30/07/2017,30°,27°,23km/h,10km,2%,Ciel dégagé  pleinement ensoleillé,67%
Zarzis,31/07/2017,31°,27°,24km/h,10km,3%,Ciel dégagé  pleinement ensoleillé,67%
Zarzis,01/08/2017,31°,27°,24km/h,10km,0%,Ciel dégagé  pleinement ensoleillé,74%
Zarzis,02/08/2017,31°,28°,20km/h,10km,0%,Ciel dégagé  pleinement ensoleillé,70%
Zarzis,03/08/2017,34°,28°,14km/h,10km,1%,Ciel dégagé  pleinement ensoleillé,63%
Zarzis,04/08/2017,35°,29°,14km/h,10km,0%,Ciel dégagé  pleinement ensoleillé,50%
Zarzis,05/08/2017,37°,31°,15km/h,10km,4%,Ciel dégagé  pleinement ensoleillé,36%
Zarzis,06/08/2017,35°,31°,17km/h,10km,4%,Ciel dégagé  pleinement ensoleillé,52%
Zarzis,07/08/2017,34°,30°,15km/h,10km,8%,Ciel dégagé  pleinement ensoleillé,57%
Zarzis,08/08/2017,34°,30°,24km/h,10km,0%,Ciel dégagé  pleinement ensoleillé,61%
Zarzis,09/08/2017,37°,31°,27km/h,10km,1%,Ciel dégagé  pleinement ensoleillé,51%
Zarzis,10/08/2017,39°,33°,26km/h,10km,1%,Ciel dégagé  pleinement ensoleillé,38%
Zarzis,11/08/2017,31°,28°,31km/h,10km,5%,Ciel dégagé  pleinement ensoleillé,71%
Zarzis,12/08/2017,29°,27°,28km/h,10km,20%,Ciel dégagé  pleinement ensoleillé,74%
Zarzis,13/08/2017,29°,27°,22km/h,10km,10%,Ciel dégagé  pleinement ensoleillé,64%
Zarzis,14/08/2017,30°,27°,23km/h,10km,4%,Ciel dégagé  pleinement ensoleillé,67%
Zarzis,15/08/2017,30°,28°,24km/h,10km,1%,Ciel dégagé  pleinement ensoleillé,71%
Zarzis,16/08/2017,31°,28°,21km/h,10km,3%,Ciel dégagé  pleinement ensoleillé,72%
Zarzis,17/08/2017,31°,28°,16km/h,10km,1%,Ciel dégagé  pleinement ensoleillé,62%
Zarzis,18/08/2017,32°,27°,18km/h,10km,2%,Ciel dégagé  pleinement ensoleillé,64%
Zarzis,19/08/2017,32°,27°,21km/h,10km,3%,Ciel dégagé  pleinement ensoleillé,66%
Zarzis,20/08/2017,33°,28°,22km/h,10km,5%,Ciel dégagé  pleinement ensoleillé,59%
Zarzis,21/08/2017,31°,28°,22km/h,10km,10%,Ciel dégagé  pleinement ensoleillé,61%
Zarzis,22/08/2017,29°,27°,22km/h,10km,8%,Ciel dégagé  pleinement ensoleillé,64%
Zarzis,23/08/2017,29°,27°,24km/h,10km,12%,Ciel dégagé  pleinement ensoleillé,65%
Zarzis,24/08/2017,30°,27°,28km/h,10km,17%,Ciel dégagé  pleinement ensoleillé,69%
Zarzis,25/08/2017,29°,27°,24km/h,10km,15%,Ciel dégagé  pleinement ensoleillé,71%
Zarzis,26/08/2017,30°,27°,19km/h,10km,6%,Ciel dégagé  pleinement ensoleillé,64%
Zarzis,27/08/2017,31°,27°,17km/h,10km,0%,Ciel dégagé  pleinement ensoleillé,56%
Zarzis,28/08/2017,33°,26°,13km/h,10km,0%,Ciel dégagé  pleinement ensoleillé,61%
Zarzis,29/08/2017,32°,27°,16km/h,10km,2%,Ciel dégagé  pleinement ensoleillé,54%
Zarzis,30/08/2017,32°,28°,18km/h,10km,1%,Ciel dégagé  pleinement ensoleillé,63%
Zarzis,31/08/2017,31°,28°,25km/h,10km,0%,Ciel dégagé  pleinement ensoleillé,75%
Zarzis,01/09/2017,31°,28°,23km/h,10km,0%,Ciel dégagé  pleinement ensoleillé,77%
Zarzis,02/09/2017,38°,28°,40km/h,10km,2%,Ciel dégagé  pleinement ensoleillé,71%
Zarzis,03/09/2017,28°,26°,31km/h,10km,5%,Ciel dégagé  pleinement ensoleillé,68%
Zarzis,04/09/2017,29°,26°,24km/h,10km,7%,Ciel dégagé  pleinement ensoleillé,63%
Zarzis,05/09/2017,28°,27°,22km/h,10km,12%,Ciel dégagé  pleinement ensoleillé,66%
Zarzis,06/09/2017,29°,27°,27km/h,10km,6%,Ciel dégagé  pleinement ensoleillé,69%
Zarzis,07/09/2017,30°,28°,37km/h,72%,9.5km,Foyers orageux à proximité,0mm
Zarzis,08/09/2017,28°,26°,44km/h,77%,9.5km,Foyers orageux à proximité,1mm
Zarzis,09/09/2017,32°,25°,26km/h,68%,10km,Ciel dégagé  pleinement ensoleillé,0mm
Zarzis,10/09/2017,38°,27°,29km/h,10km,4%,Ciel dégagé  pleinement ensoleillé,45%
Zarzis,11/09/2017,27°,24°,23km/h,10km,5%,Ciel dégagé  pleinement ensoleillé,49%
Zarzis,12/09/2017,30°,24°,21km/h,10km,0%,Ciel dégagé  pleinement ensoleillé,51%
Zarzis,13/09/2017,31°,26°,27km/h,10km,0%,Ciel dégagé  pleinement ensoleillé,72%
Zarzis,14/09/2017,29°,26°,18km/h,10km,1%,Ciel dégagé  pleinement ensoleillé,71%
Zarzis,15/09/2017,35°,28°,22km/h,10km,0%,Ciel dégagé  pleinement ensoleillé,46%
Zarzis,16/09/2017,37°,29°,31km/h,10km,0%,Ciel dégagé  pleinement ensoleillé,40%
Zarzis,17/09/2017,31°,26°,39km/h,10km,8%,Ciel dégagé  pleinement ensoleillé,71%
Zarzis,18/09/2017,28°,26°,20km/h,9.875km,21%,Ciel dégagé  pleinement ensoleillé,71%
Zarzis,19/09/2017,28°,26°,32km/h,9.75km,20%,Ciel dégagé  pleinement ensoleillé,80%
Zarzis,20/09/2017,26°,24°,22km/h,10km,5%,Ciel dégagé  pleinement ensoleillé,56%
Zarzis,21/09/2017,26°,24°,26km/h,10km,6%,Soleil et partiellement nuageux,57%
Zarzis,22/09/2017,27°,25°,35km/h,10km,5%,Ciel dégagé  pleinement ensoleillé,70%
Zarzis,23/09/2017,28°,26°,22km/h,10km,36%,Soleil et partiellement nuageux,76%
Zarzis,24/09/2017,29°,25°,20km/h,10km,17%,Ciel dégagé  pleinement ensoleillé,72%
Zarzis,25/09/2017,27°,25°,24km/h,10km,13%,Soleil et partiellement nuageux,78%
Zarzis,26/09/2017,27°,24°,26km/h,65%,10km,Ciel dégagé  pleinement ensoleillé,0mm
Zarzis,27/09/2017,28°,26°,35km/h,77%,10km,Ciel dégagé  pleinement ensoleillé,1mm
Zarzis,28/09/2017,26°,24°,26km/h,72%,9.875km,Ciel dégagé  pleinement ensoleillé,1mm
Zarzis,29/09/2017,26°,24°,22km/h,59%,10km,Soleil et partiellement nuageux,0mm
Zarzis,30/09/2017,26°,24°,19km/h,57%,10km,Ciel dégagé  pleinement ensoleillé,1mm
Zarzis,01/10/2017,26°,23°,17km/h,57%,10km,Couvert,0mm
Zarzis,02/10/2017,25°,24°,12km/h,67%,10km,Soleil et partiellement nuageux,2mm
Zarzis,03/10/2017,26°,22°,22km/h,70%,9.5km,Soleil et partiellement nuageux,6mm
Zarzis,04/10/2017,26°,24°,20km/h,79%,9.875km,Soleil et partiellement nuageux,0mm
Zarzis,05/10/2017,26°,23°,23km/h,71%,10km,Soleil et partiellement nuageux,0mm
Zarzis,06/10/2017,26°,24°,21km/h,69%,9.375km,Pluie légère et soleil,1mm
Zarzis,07/10/2017,26°,24°,26km/h,58%,10km,Ciel dégagé  pleinement ensoleillé,0mm
Zarzis,08/10/2017,24°,22°,16km/h,10km,7%,Ciel dégagé  pleinement ensoleillé,52%
Zarzis,09/10/2017,26°,21°,17km/h,10km,12%,Ciel dégagé  pleinement ensoleillé,54%
Zarzis,10/10/2017,27°,23°,24km/h,10km,13%,Ciel dégagé  pleinement ensoleillé,60%
Zarzis,11/10/2017,27°,23°,18km/h,61%,10km,Ciel dégagé  pleinement ensoleillé,0mm
Zarzis,12/10/2017,25°,23°,19km/h,64%,9.75km,Ciel dégagé  pleinement ensoleillé,3mm
Zarzis,13/10/2017,25°,23°,21km/h,61%,10km,Soleil et partiellement nuageux,0mm
Zarzis,14/10/2017,25°,22°,17km/h,58%,10km,Ciel dégagé  pleinement ensoleillé,0mm
Zarzis,15/10/2017,25°,23°,18km/h,56%,9.875km,Ciel dégagé  pleinement ensoleillé,1mm
Zarzis,16/10/2017,25°,22°,18km/h,60%,10km,Ciel dégagé  pleinement ensoleillé,0mm
Zarzis,17/10/2017,25°,22°,19km/h,10km,20%,Ciel dégagé  pleinement ensoleillé,68%
Zarzis,18/10/2017,25°,22°,18km/h,10km,3%,Ciel dégagé  pleinement ensoleillé,68%
Zarzis,19/10/2017,28°,23°,31km/h,62%,10km,Ciel dégagé  pleinement ensoleillé,0mm
Zarzis,20/10/2017,26°,24°,27km/h,65%,9.375km,Couvert,1mm
Zarzis,21/10/2017,26°,22°,23km/h,71%,9km,Soleil et partiellement nuageux,2mm
Zarzis,22/10/2017,25°,23°,13km/h,77%,9.75km,Soleil et partiellement nuageux,2mm
Zarzis,23/10/2017,24°,22°,29km/h,70%,10km,Ciel dégagé  pleinement ensoleillé,1mm
Zarzis,24/10/2017,23°,21°,37km/h,61%,10km,Ciel dégagé  pleinement ensoleillé,0mm
Zarzis,25/10/2017,23°,20°,33km/h,57%,10km,Ciel dégagé  pleinement ensoleillé,1mm
Zarzis,26/10/2017,23°,21°,26km/h,68%,10km,Soleil et partiellement nuageux,0mm
Zarzis,27/10/2017,25°,20°,14km/h,63%,10km,Ciel dégagé  pleinement ensoleillé,0mm
Zarzis,28/10/2017,24°,21°,23km/h,58%,9.875km,Ciel dégagé  pleinement ensoleillé,1mm
Zarzis,29/10/2017,23°,21°,14km/h,62%,10km,Ciel dégagé  pleinement ensoleillé,0mm
Zarzis,30/10/2017,24°,20°,18km/h,10km,8%,Ciel dégagé  pleinement ensoleillé,56%
Zarzis,31/10/2017,24°,21°,17km/h,10km,24%,Ciel dégagé  pleinement ensoleillé,58%
Zarzis,01/11/2017,24°,20°,15km/h,10km,11%,Ciel dégagé  pleinement ensoleillé,70%
Zarzis,02/11/2017,23°,20°,13km/h,10km,19%,Ciel dégagé  pleinement ensoleillé,74%
Zarzis,03/11/2017,27°,20°,17km/h,10km,16%,Ciel dégagé  pleinement ensoleillé,60%
Zarzis,04/11/2017,28°,22°,30km/h,10km,1%,Ciel dégagé  pleinement ensoleillé,40%
Zarzis,05/11/2017,28°,22°,22km/h,10km,12%,Ciel dégagé  pleinement ensoleillé,39%
Zarzis,06/11/2017,25°,21°,23km/h,10km,14%,Ciel dégagé  pleinement ensoleillé,55%
Zarzis,07/11/2017,22°,18°,20km/h,10km,25%,Ciel dégagé  pleinement ensoleillé,75%
Zarzis,08/11/2017,21°,17°,14km/h,10km,23%,Ciel dégagé  pleinement ensoleillé,47%
Zarzis,09/11/2017,25°,18°,26km/h,45%,10km,Ciel dégagé  pleinement ensoleillé,0mm
Zarzis,10/11/2017,23°,20°,42km/h,76%,9.75km,Nuageux,2mm
Zarzis,11/11/2017,21°,18°,39km/h,80%,7.125km,Ciel dégagé  pleinement ensoleillé,47mm
Zarzis,12/11/2017,20°,19°,51km/h,77%,9km,Nuageux,10mm
Zarzis,13/11/2017,22°,17°,35km/h,66%,10km,Ciel dégagé  pleinement ensoleillé,0mm
Zarzis,14/11/2017,17°,13°,30km/h,10km,41%,Soleil et partiellement nuageux,62%
Zarzis,15/11/2017,18°,15°,39km/h,10km,26%,Ciel dégagé  pleinement ensoleillé,55%
Zarzis,16/11/2017,19°,16°,33km/h,61%,10km,Soleil et partiellement nuageux,0mm
Zarzis,17/11/2017,19°,16°,25km/h,64%,10km,Ciel dégagé  pleinement ensoleillé,1mm
Zarzis,18/11/2017,19°,16°,19km/h,62%,10km,Ciel dégagé  pleinement ensoleillé,0mm
Zarzis,19/11/2017,19°,17°,18km/h,10km,18%,Ciel dégagé  pleinement ensoleillé,63%
Zarzis,20/11/2017,19°,16°,11km/h,10km,0%,Ciel dégagé  pleinement ensoleillé,60%
Zarzis,21/11/2017,19°,16°,12km/h,63%,10km,Ciel dégagé  pleinement ensoleillé,0mm
Zarzis,22/11/2017,20°,16°,16km/h,71%,9.875km,Ciel dégagé  pleinement ensoleillé,2mm
Zarzis,23/11/2017,20°,17°,13km/h,61%,9.875km,Soleil et partiellement nuageux,1mm
Zarzis,24/11/2017,21°,19°,32km/h,76%,9.625km,Ciel dégagé  pleinement ensoleillé,3mm
Zarzis,25/11/2017,20°,18°,15km/h,77%,10km,Soleil et partiellement nuageux,0mm
Zarzis,26/11/2017,21°,17°,27km/h,10km,19%,Soleil et partiellement nuageux,62%
Zarzis,27/11/2017,17°,16°,33km/h,10km,41%,Ciel dégagé  pleinement ensoleillé,61%
Zarzis,28/11/2017,17°,14°,14km/h,10km,10%,Ciel dégagé  pleinement ensoleillé,56%
Zarzis,29/11/2017,21°,14°,26km/h,10km,15%,Ciel dégagé  pleinement ensoleillé,45%
Zarzis,30/11/2017,25°,19°,36km/h,44%,10km,Ciel dégagé  pleinement ensoleillé,0mm
Zarzis,01/12/2017,21°,16°,29km/h,86%,9.875km,Couvert,2mm
Zarzis,02/12/2017,17°,14°,36km/h,75%,9.875km,Ciel dégagé  pleinement ensoleillé,1mm
Zarzis,03/12/2017,14°,12°,30km/h,42%,10km,Ciel dégagé  pleinement ensoleillé,0mm
Zarzis,04/12/2017,15°,13°,26km/h,10km,14%,Ciel dégagé  pleinement ensoleillé,58%
Zarzis,05/12/2017,16°,14°,24km/h,61%,10km,Soleil et partiellement nuageux,0mm
Zarzis,06/12/2017,16°,15°,17km/h,54%,10km,Couvert,1mm
Zarzis,07/12/2017,16°,16°,19km/h,69%,8km,Couvert,1mm
Zarzis,08/12/2017,16°,15°,10km/h,73%,9.625km,Nuageux,6mm
Zarzis,09/12/2017,16°,13°,26km/h,71%,10km,Ciel dégagé  pleinement ensoleillé,0mm
Zarzis,10/12/2017,16°,13°,13km/h,10km,19%,Ciel dégagé  pleinement ensoleillé,58%
Zarzis,11/12/2017,19°,13°,26km/h,10km,3%,Ciel dégagé  pleinement ensoleillé,49%
Zarzis,12/12/2017,20°,14°,23km/h,10km,0%,Ciel dégagé  pleinement ensoleillé,48%
Zarzis,13/12/2017,19°,15°,15km/h,10km,3%,Ciel dégagé  pleinement ensoleillé,58%
Zarzis,14/12/2017,20°,14°,12km/h,10km,12%,Ciel dégagé  pleinement ensoleillé,82%
Zarzis,15/12/2017,20°,15°,22km/h,52%,10km,Ciel dégagé  pleinement ensoleillé,0mm
Zarzis,16/12/2017,18°,14°,26km/h,78%,9.875km,Ciel dégagé  pleinement ensoleillé,3mm
Zarzis,17/12/2017,16°,15°,28km/h,63%,9.375km,Ciel dégagé  pleinement ensoleillé,1mm
Zarzis,18/12/2017,15°,13°,27km/h,58%,10km,Ciel dégagé  pleinement ensoleillé,0mm
Zarzis,19/12/2017,15°,13°,24km/h,61%,10km,Soleil et partiellement nuageux,3mm
Zarzis,20/12/2017,14°,13°,28km/h,82%,9km,Couvert,14mm
Zarzis,21/12/2017,14°,13°,39km/h,71%,9.875km,Nuageux,6mm
Zarzis,22/12/2017,14°,12°,45km/h,66%,10km,Soleil et partiellement nuageux,1mm
Zarzis,23/12/2017,16°,14°,41km/h,72%,9.875km,Soleil et partiellement nuageux,1mm
Zarzis,24/12/2017,16°,14°,21km/h,68%,9.75km,Soleil et partiellement nuageux,1mm
Zarzis,25/12/2017,16°,13°,13km/h,71%,10km,Ciel dégagé  pleinement ensoleillé,0mm
Zarzis,26/12/2017,16°,12°,24km/h,58%,10km,Ciel dégagé  pleinement ensoleillé,0mm
Zarzis,27/12/2017,17°,11°,39km/h,61%,10km,Ciel dégagé  pleinement ensoleillé,1mm
Zarzis,28/12/2017,16°,14°,30km/h,60%,9.875km,Ciel dégagé  pleinement ensoleillé,1mm
Zarzis,29/12/2017,18°,14°,42km/h,63%,10km,Ciel dégagé  pleinement ensoleillé,0mm
Zarzis,30/12/2017,18°,14°,19km/h,10km,21%,Ciel dégagé  pleinement ensoleillé,72%
Zarzis,31/12/2017,19°,15°,22km/h,10km,1%,Ciel dégagé  pleinement ensoleillé,64%
Zarzis,01/01/2018,18°,14°,24km/h,10km,36%,Couvert,67%
Zarzis,02/01/2018,18°,14°,31km/h,10km,2%,Ciel dégagé  pleinement ensoleillé,67%
Zarzis,03/01/2018,19°,14°,23km/h,10km,10%,Ciel dégagé  pleinement ensoleillé,54%
Zarzis,04/01/2018,20°,15°,28km/h,10km,4%,Ciel dégagé  pleinement ensoleillé,51%
Zarzis,05/01/2018,21°,14°,15km/h,10km,0%,Ciel dégagé  pleinement ensoleillé,58%
Zarzis,06/01/2018,21°,14°,23km/h,10km,25%,Nuageux,44%
Zarzis,07/01/2018,21°,15°,28km/h,10km,47%,Couvert,45%
Zarzis,08/01/2018,22°,16°,23km/h,10km,36%,Soleil et partiellement nuageux,41%
Zarzis,09/01/2018,19°,15°,19km/h,80%,10km,Ciel dégagé  pleinement ensoleillé,0mm
Zarzis,10/01/2018,17°,14°,21km/h,60%,9.875km,Ciel dégagé  pleinement ensoleillé,1mm
Zarzis,11/01/2018,18°,13°,27km/h,55%,10km,Ciel dégagé  pleinement ensoleillé,0mm
Zarzis,12/01/2018,16°,13°,42km/h,10km,26%,Soleil et partiellement nuageux,52%
Zarzis,13/01/2018,15°,13°,34km/h,10km,30%,Ciel dégagé  pleinement ensoleillé,65%
Zarzis,14/01/2018,17°,11°,17km/h,10km,27%,Soleil et partiellement nuageux,53%
Zarzis,15/01/2018,16°,13°,13km/h,10km,34%,Ciel dégagé  pleinement ensoleillé,45%
Zarzis,16/01/2018,17°,11°,9km/h,10km,10%,Ciel dégagé  pleinement ensoleillé,65%
Zarzis,17/01/2018,19°,13°,27km/h,10km,0%,Ciel dégagé  pleinement ensoleillé,46%
Zarzis,18/01/2018,16°,14°,25km/h,10km,0%,Ciel dégagé  pleinement ensoleillé,65%
Zarzis,19/01/2018,16°,12°,24km/h,10km,22%,Ciel dégagé  pleinement ensoleillé,76%
Zarzis,20/01/2018,16°,15°,40km/h,10km,47%,Couvert,80%
Zarzis,21/01/2018,19°,13°,35km/h,10km,25%,Soleil et partiellement nuageux,64%
Zarzis,22/01/2018,20°,16°,28km/h,10km,38%,Ciel dégagé  pleinement ensoleillé,58%
Zarzis,23/01/2018,19°,15°,16km/h,10km,3%,Ciel dégagé  pleinement ensoleillé,66%
Zarzis,24/01/2018,17°,15°,23km/h,78%,10km,Nuageux,0mm
Zarzis,25/01/2018,16°,13°,15km/h,77%,10km,Ciel dégagé  pleinement ensoleillé,1mm
Zarzis,26/01/2018,18°,12°,21km/h,58%,10km,Ciel dégagé  pleinement ensoleillé,0mm
Zarzis,27/01/2018,18°,13°,23km/h,10km,3%,Ciel dégagé  pleinement ensoleillé,59%
Zarzis,28/01/2018,17°,14°,28km/h,68%,10km,Ciel dégagé  pleinement ensoleillé,0mm
Zarzis,29/01/2018,16°,14°,14km/h,75%,10km,Ciel dégagé  pleinement ensoleillé,1mm
Zarzis,30/01/2018,16°,13°,14km/h,75%,10km,Ciel dégagé  pleinement ensoleillé,0mm
Zarzis,31/01/2018,17°,13°,18km/h,10km,3%,Ciel dégagé  pleinement ensoleillé,73%
Zarzis,01/02/2018,20°,13°,23km/h,59%,10km,Nuageux,0mm
Zarzis,02/02/2018,23°,15°,24km/h,75%,10km,Soleil et partiellement nuageux,1mm
Zarzis,03/02/2018,19°,13°,18km/h,61%,9km,Couvert,1mm
Zarzis,04/02/2018,14°,12°,21km/h,83%,9.875km,Couvert,3mm
Zarzis,05/02/2018,18°,13°,18km/h,88%,10km,Ciel dégagé  pleinement ensoleillé,1mm
Zarzis,06/02/2018,21°,13°,29km/h,82%,10km,Ciel dégagé  pleinement ensoleillé,0mm
Zarzis,07/02/2018,17°,12°,28km/h,10km,0%,Ciel dégagé  pleinement ensoleillé,48%
Zarzis,08/02/2018,14°,11°,12km/h,50%,10km,Couvert,0mm
Zarzis,09/02/2018,15°,12°,37km/h,92%,9.625km,Nuageux,6mm
Zarzis,10/02/2018,14°,11°,38km/h,65%,10km,Ciel dégagé  pleinement ensoleillé,1mm
Zarzis,11/02/2018,13°,11°,20km/h,63%,10km,Soleil et partiellement nuageux,1mm
Zarzis,12/02/2018,16°,11°,32km/h,57%,10km,Ciel dégagé  pleinement ensoleillé,1mm
Zarzis,13/02/2018,17°,13°,41km/h,53%,10km,Ciel dégagé  pleinement ensoleillé,0mm
Zarzis,14/02/2018,18°,12°,32km/h,10km,6%,Ciel dégagé  pleinement ensoleillé,57%
Zarzis,15/02/2018,16°,13°,15km/h,71%,10km,Soleil et partiellement nuageux,0mm
Zarzis,16/02/2018,16°,14°,17km/h,75%,10km,Nuageux,1mm
Zarzis,17/02/2018,16°,13°,17km/h,75%,10km,Couvert,0mm
Zarzis,18/02/2018,15°,13°,10km/h,68%,8.375km,Soleil et partiellement nuageux,1mm
Zarzis,19/02/2018,15°,13°,27km/h,70%,10km,Soleil et partiellement nuageux,1mm
Zarzis,20/02/2018,16°,13°,18km/h,72%,9.875km,Nuageux,0mm
Zarzis,21/02/2018,17°,13°,27km/h,61%,10km,Ciel dégagé  pleinement ensoleillé,0mm
Zarzis,22/02/2018,21°,15°,28km/h,68%,9.75km,Nuageux,1mm
Zarzis,23/02/2018,16°,11°,35km/h,77%,9.5km,Ciel dégagé  pleinement ensoleillé,3mm
Zarzis,24/02/2018,22°,12°,26km/h,45%,10km,Ciel dégagé  pleinement ensoleillé,0mm
Zarzis,25/02/2018,17°,14°,27km/h,77%,9.75km,Couvert,1mm
Zarzis,26/02/2018,19°,13°,17km/h,64%,10km,Ciel dégagé  pleinement ensoleillé,1mm
Zarzis,27/02/2018,19°,15°,28km/h,72%,9.875km,Nuageux,2mm
Zarzis,28/02/2018,23°,13°,22km/h,84%,10km,Ciel dégagé  pleinement ensoleillé,0mm
Zarzis,01/03/2018,28°,17°,36km/h,10km,5%,Ciel dégagé  pleinement ensoleillé,46%
Zarzis,02/03/2018,24°,18°,20km/h,10km,12%,Ciel dégagé  pleinement ensoleillé,52%
Zarzis,03/03/2018,26°,19°,13km/h,10km,3%,Ciel dégagé  pleinement ensoleillé,47%
Zarzis,04/03/2018,28°,19°,45km/h,10km,4%,Ciel dégagé  pleinement ensoleillé,51%
Zarzis,05/03/2018,23°,17°,40km/h,10km,3%,Ciel dégagé  pleinement ensoleillé,52%
Zarzis,06/03/2018,22°,19°,34km/h,10km,19%,Ciel dégagé  pleinement ensoleillé,41%
Zarzis,07/03/2018,26°,18°,31km/h,10km,23%,Soleil et partiellement nuageux,36%
Zarzis,08/03/2018,18°,15°,24km/h,10km,19%,Ciel dégagé  pleinement ensoleillé,71%
Zarzis,09/03/2018,20°,16°,16km/h,10km,19%,Ciel dégagé  pleinement ensoleillé,79%
Zarzis,10/03/2018,24°,17°,22km/h,10km,1%,Ciel dégagé  pleinement ensoleillé,66%
Zarzis,11/03/2018,28°,19°,21km/h,10km,5%,Ciel dégagé  pleinement ensoleillé,51%
Zarzis,12/03/2018,23°,17°,8km/h,10km,28%,Ciel dégagé  pleinement ensoleillé,74%
Zarzis,13/03/2018,19°,16°,24km/h,10km,29%,Ciel dégagé  pleinement ensoleillé,75%
Zarzis,14/03/2018,19°,16°,19km/h,10km,12%,Ciel dégagé  pleinement ensoleillé,74%
Zarzis,15/03/2018,27°,17°,21km/h,10km,7%,Ciel dégagé  pleinement ensoleillé,61%
Zarzis,16/03/2018,33°,20°,28km/h,10km,27%,Ciel dégagé  pleinement ensoleillé,35%
Zarzis,17/03/2018,26°,16°,27km/h,10km,29%,Nuageux,82%
Zarzis,18/03/2018,24°,16°,42km/h,43%,10km,Nuageux,0mm
Zarzis,19/03/2018,20°,15°,33km/h,65%,9.75km,Nuageux,2mm
Zarzis,20/03/2018,24°,16°,37km/h,36%,10km,Ciel dégagé  pleinement ensoleillé,0mm
Zarzis,21/03/2018,18°,14°,41km/h,71%,9km,Ciel dégagé  pleinement ensoleillé,1mm
Zarzis,22/03/2018,16°,11°,45km/h,52%,9.75km,Ciel dégagé  pleinement ensoleillé,3mm
Zarzis,23/03/2018,16°,12°,35km/h,53%,10km,Ciel dégagé  pleinement ensoleillé,1mm
Zarzis,24/03/2018,21°,14°,32km/h,40%,10km,Ciel dégagé  pleinement ensoleillé,0mm
Zarzis,25/03/2018,19°,13°,48km/h,44%,10km,Ciel dégagé  pleinement ensoleillé,1mm
Zarzis,26/03/2018,17°,14°,26km/h,65%,10km,Ciel dégagé  pleinement ensoleillé,0mm
Zarzis,27/03/2018,18°,14°,29km/h,66%,10km,Ciel dégagé  pleinement ensoleillé,2mm
Zarzis,28/03/2018,20°,15°,18km/h,59%,10km,Soleil et partiellement nuageux,0mm
Zarzis,29/03/2018,26°,17°,20km/h,10km,21%,Ciel dégagé  pleinement ensoleillé,41%
Zarzis,30/03/2018,29°,20°,26km/h,10km,7%,Ciel dégagé  pleinement ensoleillé,35%
Zarzis,31/03/2018,26°,22°,19km/h,10km,4%,Ciel dégagé  pleinement ensoleillé,48%
Zarzis,01/04/2018,17°,16°,21km/h,10km,20%,Ciel dégagé  pleinement ensoleillé,54%
Zarzis,02/04/2018,20°,15°,31km/h,10km,35%,Ciel dégagé  pleinement ensoleillé,59%
Zarzis,03/04/2018,24°,18°,39km/h,56%,10km,Couvert,0mm
Zarzis,04/04/2018,26°,20°,34km/h,52%,10km,Ciel dégagé  pleinement ensoleillé,1mm
Zarzis,05/04/2018,20°,17°,25km/h,79%,10km,Ciel dégagé  pleinement ensoleillé,0mm
Zarzis,06/04/2018,20°,17°,19km/h,10km,4%,Ciel dégagé  pleinement ensoleillé,60%
Zarzis,07/04/2018,20°,16°,38km/h,68%,10km,Ciel dégagé  pleinement ensoleillé,0mm
Zarzis,08/04/2018,30°,18°,36km/h,60%,9.75km,Ciel dégagé  pleinement ensoleillé,2mm
Zarzis,09/04/2018,19°,16°,23km/h,73%,10km,Ciel dégagé  pleinement ensoleillé,0mm
Zarzis,10/04/2018,18°,16°,32km/h,10km,46%,Nuageux,74%
Zarzis,11/04/2018,27°,18°,30km/h,10km,2%,Ciel dégagé  pleinement ensoleillé,61%
Zarzis,12/04/2018,21°,17°,24km/h,10km,3%,Ciel dégagé  pleinement ensoleillé,85%
Zarzis,13/04/2018,20°,17°,31km/h,10km,17%,Ciel dégagé  pleinement ensoleillé,88%
Zarzis,14/04/2018,29°,17°,41km/h,10km,17%,Ciel dégagé  pleinement ensoleillé,83%
Zarzis,15/04/2018,23°,18°,31km/h,10km,16%,Soleil et partiellement nuageux,44%
Zarzis,16/04/2018,21°,17°,21km/h,66%,10km,Ciel dégagé  pleinement ensoleillé,0mm
Zarzis,17/04/2018,22°,17°,41km/h,77%,9.5km,Ciel dégagé  pleinement ensoleillé,3mm
Zarzis,18/04/2018,19°,17°,27km/h,81%,9.875km,Soleil et partiellement nuageux,0mm
Zarzis,19/04/2018,19°,17°,24km/h,10km,22%,Ciel dégagé  pleinement ensoleillé,83%
Zarzis,20/04/2018,20°,17°,21km/h,10km,14%,Ciel dégagé  pleinement ensoleillé,83%
Zarzis,21/04/2018,21°,18°,20km/h,10km,9%,Ciel dégagé  pleinement ensoleillé,76%
Zarzis,22/04/2018,25°,19°,27km/h,10km,5%,Ciel dégagé  pleinement ensoleillé,61%
Zarzis,23/04/2018,23°,20°,26km/h,10km,3%,Ciel dégagé  pleinement ensoleillé,65%
Zarzis,24/04/2018,24°,19°,28km/h,10km,25%,Ciel dégagé  pleinement ensoleillé,66%
Zarzis,25/04/2018,26°,21°,29km/h,10km,22%,Ciel dégagé  pleinement ensoleillé,60%
Zarzis,26/04/2018,26°,23°,47km/h,10km,8%,Ciel dégagé  pleinement ensoleillé,48%
Zarzis,27/04/2018,23°,18°,26km/h,10km,4%,Ciel dégagé  pleinement ensoleillé,80%
Zarzis,28/04/2018,21°,18°,26km/h,10km,20%,Ciel dégagé  pleinement ensoleillé,81%
Zarzis,29/04/2018,24°,19°,11km/h,10km,7%,Ciel dégagé  pleinement ensoleillé,71%
Zarzis,30/04/2018,20°,18°,21km/h,10km,2%,Ciel dégagé  pleinement ensoleillé,75%
Zarzis,01/05/2018,27°,20°,47km/h,10km,3%,Ciel dégagé  pleinement ensoleillé,64%
Zarzis,02/05/2018,25°,19°,42km/h,10km,19%,Ciel dégagé  pleinement ensoleillé,84%
Zarzis,03/05/2018,23°,17°,34km/h,10km,10%,Ciel dégagé  pleinement ensoleillé,45%
Zarzis,04/05/2018,22°,19°,24km/h,10km,6%,Ciel dégagé  pleinement ensoleillé,54%
Zarzis,05/05/2018,23°,20°,21km/h,10km,16%,Ciel dégagé  pleinement ensoleillé,54%
Zarzis,06/05/2018,22°,20°,21km/h,10km,10%,Ciel dégagé  pleinement ensoleillé,72%
Zarzis,07/05/2018,22°,19°,24km/h,10km,2%,Ciel dégagé  pleinement ensoleillé,80%
Zarzis,08/05/2018,22°,20°,37km/h,10km,12%,Soleil et partiellement nuageux,71%
Zarzis,09/05/2018,21°,19°,33km/h,10km,4%,Ciel dégagé  pleinement ensoleillé,79%
Zarzis,10/05/2018,22°,19°,12km/h,10km,12%,Ciel dégagé  pleinement ensoleillé,79%
Zarzis,11/05/2018,23°,20°,23km/h,10km,8%,Ciel dégagé  pleinement ensoleillé,69%
Zarzis,12/05/2018,24°,20°,24km/h,10km,10%,Ciel dégagé  pleinement ensoleillé,66%
Zarzis,13/05/2018,31°,23°,28km/h,10km,7%,Ciel dégagé  pleinement ensoleillé,47%
Zarzis,14/05/2018,21°,19°,31km/h,10km,17%,Ciel dégagé  pleinement ensoleillé,71%
Zarzis,15/05/2018,19°,19°,27km/h,9.75km,54%,Couvert,77%
Zarzis,16/05/2018,21°,19°,32km/h,9.875km,20%,Soleil et partiellement nuageux,69%
Zarzis,17/05/2018,21°,19°,26km/h,84%,10km,Soleil et partiellement nuageux,0mm
Zarzis,18/05/2018,21°,19°,29km/h,88%,10km,Ciel dégagé  pleinement ensoleillé,1mm
Zarzis,19/05/2018,22°,19°,28km/h,88%,10km,Ciel dégagé  pleinement ensoleillé,0mm
Zarzis,20/05/2018,21°,19°,21km/h,82%,10km,Soleil et partiellement nuageux,1mm
Zarzis,21/05/2018,22°,19°,17km/h,88%,10km,Ciel dégagé  pleinement ensoleillé,0mm
Zarzis,22/05/2018,22°,20°,21km/h,10km,16%,Ciel dégagé  pleinement ensoleillé,86%
Zarzis,23/05/2018,23°,20°,24km/h,10km,5%,Ciel dégagé  pleinement ensoleillé,82%
Zarzis,24/05/2018,24°,21°,24km/h,10km,0%,Ciel dégagé  pleinement ensoleillé,73%
Zarzis,25/05/2018,26°,22°,24km/h,10km,0%,Ciel dégagé  pleinement ensoleillé,70%
Zarzis,26/05/2018,25°,22°,22km/h,10km,3%,Ciel dégagé  pleinement ensoleillé,68%
Zarzis,27/05/2018,27°,22°,27km/h,10km,10%,Ciel dégagé  pleinement ensoleillé,73%
Zarzis,28/05/2018,29°,24°,44km/h,10km,5%,Ciel dégagé  pleinement ensoleillé,66%
Zarzis,29/05/2018,35°,28°,33km/h,10km,47%,Couvert,44%
Zarzis,30/05/2018,24°,22°,32km/h,10km,2%,Ciel dégagé  pleinement ensoleillé,79%
Zarzis,31/05/2018,24°,21°,30km/h,10km,23%,Ciel dégagé  pleinement ensoleillé,86%
Zarzis,01/06/2018,24°,22°,27km/h,10km,25%,Couvert,79%
Zarzis,02/06/2018,29°,23°,31km/h,10km,6%,Ciel dégagé  pleinement ensoleillé,65%
Zarzis,03/06/2018,31°,26°,32km/h,10km,3%,Ciel dégagé  pleinement ensoleillé,52%
Zarzis,04/06/2018,25°,22°,29km/h,10km,37%,Soleil et partiellement nuageux,82%
Zarzis,05/06/2018,25°,22°,22km/h,10km,2%,Ciel dégagé  pleinement ensoleillé,75%
Zarzis,06/06/2018,25°,22°,38km/h,10km,23%,Ciel dégagé  pleinement ensoleillé,73%
Zarzis,07/06/2018,27°,23°,30km/h,10km,2%,Ciel dégagé  pleinement ensoleillé,82%
Zarzis,08/06/2018,25°,22°,25km/h,10km,15%,Ciel dégagé  pleinement ensoleillé,77%
Zarzis,09/06/2018,27°,22°,23km/h,10km,1%,Ciel dégagé  pleinement ensoleillé,78%
Zarzis,10/06/2018,29°,25°,34km/h,10km,4%,Ciel dégagé  pleinement ensoleillé,58%
Zarzis,11/06/2018,32°,27°,31km/h,10km,9%,Ciel dégagé  pleinement ensoleillé,51%
Zarzis,12/06/2018,25°,23°,32km/h,10km,5%,Ciel dégagé  pleinement ensoleillé,80%
Zarzis,13/06/2018,26°,23°,28km/h,10km,4%,Ciel dégagé  pleinement ensoleillé,80%
Zarzis,14/06/2018,26°,23°,17km/h,10km,11%,Ciel dégagé  pleinement ensoleillé,66%
Zarzis,15/06/2018,26°,24°,18km/h,10km,14%,Ciel dégagé  pleinement ensoleillé,58%
Zarzis,16/06/2018,26°,23°,19km/h,10km,6%,Ciel dégagé  pleinement ensoleillé,58%
Zarzis,17/06/2018,27°,24°,23km/h,10km,6%,Ciel dégagé  pleinement ensoleillé,62%
Zarzis,18/06/2018,26°,24°,18km/h,10km,9%,Ciel dégagé  pleinement ensoleillé,71%
Zarzis,19/06/2018,25°,23°,23km/h,67%,10km,Ciel dégagé  pleinement ensoleillé,0mm
Zarzis,20/06/2018,26°,23°,19km/h,76%,10km,Ciel dégagé  pleinement ensoleillé,1mm
Zarzis,21/06/2018,27°,24°,22km/h,72%,10km,Ciel dégagé  pleinement ensoleillé,0mm
Zarzis,22/06/2018,28°,24°,22km/h,10km,10%,Ciel dégagé  pleinement ensoleillé,67%
Zarzis,23/06/2018,29°,25°,26km/h,10km,9%,Ciel dégagé  pleinement ensoleillé,64%
Zarzis,24/06/2018,29°,26°,30km/h,10km,12%,Ciel dégagé  pleinement ensoleillé,70%
Zarzis,25/06/2018,27°,25°,28km/h,10km,9%,Ciel dégagé  pleinement ensoleillé,71%
Zarzis,26/06/2018,27°,24°,19km/h,10km,5%,Ciel dégagé  pleinement ensoleillé,62%
Zarzis,27/06/2018,28°,24°,18km/h,10km,3%,Ciel dégagé  pleinement ensoleillé,53%
Zarzis,28/06/2018,28°,24°,26km/h,10km,2%,Ciel dégagé  pleinement ensoleillé,55%
Zarzis,29/06/2018,37°,28°,19km/h,10km,2%,Ciel dégagé  pleinement ensoleillé,37%
Zarzis,30/06/2018,31°,28°,20km/h,10km,0%,Ciel dégagé  pleinement ensoleillé,55%
Zarzis,01/07/2018,33°,28°,27km/h,10km,1%,Ciel dégagé  pleinement ensoleillé,55%
Zarzis,02/07/2018,35°,30°,19km/h,10km,24%,Soleil et partiellement nuageux,48%
Zarzis,03/07/2018,28°,25°,25km/h,10km,13%,Ciel dégagé  pleinement ensoleillé,80%
Zarzis,04/07/2018,31°,24°,22km/h,10km,7%,Ciel dégagé  pleinement ensoleillé,74%
Zarzis,05/07/2018,33°,28°,26km/h,10km,10%,Ciel dégagé  pleinement ensoleillé,48%
Zarzis,06/07/2018,28°,26°,24km/h,10km,5%,Ciel dégagé  pleinement ensoleillé,69%
Zarzis,07/07/2018,29°,25°,21km/h,10km,6%,Ciel dégagé  pleinement ensoleillé,68%
Zarzis,08/07/2018,30°,26°,25km/h,56%,10km,Ciel dégagé  pleinement ensoleillé,0mm
Zarzis,09/07/2018,29°,26°,27km/h,68%,10km,Ciel dégagé  pleinement ensoleillé,1mm
Zarzis,10/07/2018,29°,26°,23km/h,70%,10km,Ciel dégagé  pleinement ensoleillé,0mm
Zarzis,11/07/2018,32°,26°,25km/h,10km,4%,Ciel dégagé  pleinement ensoleillé,63%
Zarzis,12/07/2018,36°,30°,27km/h,10km,5%,Ciel dégagé  pleinement ensoleillé,46%
Zarzis,13/07/2018,37°,30°,26km/h,10km,0%,Ciel dégagé  pleinement ensoleillé,42%
Zarzis,14/07/2018,39°,33°,24km/h,10km,1%,Ciel dégagé  pleinement ensoleillé,30%
Zarzis,15/07/2018,33°,29°,22km/h,10km,4%,Ciel dégagé  pleinement ensoleillé,65%
Zarzis,16/07/2018,32°,28°,22km/h,10km,1%,Ciel dégagé  pleinement ensoleillé,62%
Zarzis,17/07/2018,29°,27°,28km/h,10km,1%,Ciel dégagé  pleinement ensoleillé,73%
Zarzis,18/07/2018,30°,26°,23km/h,10km,5%,Ciel dégagé  pleinement ensoleillé,70%
Zarzis,19/07/2018,34°,28°,30km/h,10km,5%,Ciel dégagé  pleinement ensoleillé,59%
Zarzis,20/07/2018,31°,28°,20km/h,10km,1%,Ciel dégagé  pleinement ensoleillé,68%
Zarzis,21/07/2018,35°,27°,27km/h,10km,2%,Ciel dégagé  pleinement ensoleillé,64%
Zarzis,22/07/2018,39°,34°,23km/h,10km,3%,Ciel dégagé  pleinement ensoleillé,38%
Zarzis,23/07/2018,32°,28°,37km/h,10km,24%,Soleil et partiellement nuageux,71%
Zarzis,24/07/2018,29°,27°,16km/h,10km,1%,Ciel dégagé  pleinement ensoleillé,61%
Zarzis,25/07/2018,30°,27°,16km/h,10km,2%,Ciel dégagé  pleinement ensoleillé,62%
Zarzis,26/07/2018,32°,27°,30km/h,10km,5%,Ciel dégagé  pleinement ensoleillé,55%
Zarzis,27/07/2018,33°,29°,31km/h,10km,2%,Ciel dégagé  pleinement ensoleillé,63%
Zarzis,28/07/2018,31°,29°,25km/h,10km,1%,Ciel dégagé  pleinement ensoleillé,70%
Zarzis,29/07/2018,31°,28°,19km/h,10km,1%,Ciel dégagé  pleinement ensoleillé,70%
Zarzis,30/07/2018,32°,28°,19km/h,10km,0%,Ciel dégagé  pleinement ensoleillé,57%
Zarzis,31/07/2018,31°,28°,19km/h,10km,3%,Ciel dégagé  pleinement ensoleillé,65%
Zarzis,01/08/2018,30°,28°,18km/h,10km,6%,Ciel dégagé  pleinement ensoleillé,72%
Zarzis,02/08/2018,31°,27°,18km/h,10km,1%,Ciel dégagé  pleinement ensoleillé,69%
Zarzis,03/08/2018,32°,28°,20km/h,10km,4%,Ciel dégagé  pleinement ensoleillé,70%
Zarzis,04/08/2018,31°,28°,27km/h,10km,8%,Ciel dégagé  pleinement ensoleillé,66%
Zarzis,05/08/2018,30°,28°,25km/h,70%,10km,Ciel dégagé  pleinement ensoleillé,0mm
Zarzis,06/08/2018,31°,28°,30km/h,76%,9.625km,Ciel dégagé  pleinement ensoleillé,1mm
Zarzis,07/08/2018,30°,28°,19km/h,68%,9.875km,Ciel dégagé  pleinement ensoleillé,2mm
Zarzis,08/08/2018,30°,27°,18km/h,70%,10km,Ciel dégagé  pleinement ensoleillé,0mm
Zarzis,09/08/2018,30°,28°,24km/h,10km,8%,Ciel dégagé  pleinement ensoleillé,68%
Zarzis,10/08/2018,30°,28°,22km/h,10km,6%,Ciel dégagé  pleinement ensoleillé,75%
Zarzis,11/08/2018,31°,28°,18km/h,10km,4%,Ciel dégagé  pleinement ensoleillé,70%
Zarzis,12/08/2018,30°,28°,17km/h,10km,5%,Ciel dégagé  pleinement ensoleillé,68%
Zarzis,13/08/2018,31°,28°,24km/h,9.875km,22%,Foyers orageux à proximité,69%
Zarzis,14/08/2018,31°,29°,16km/h,10km,3%,Ciel dégagé  pleinement ensoleillé,71%
Zarzis,15/08/2018,31°,28°,26km/h,10km,9%,Ciel dégagé  pleinement ensoleillé,74%
Zarzis,16/08/2018,31°,29°,23km/h,10km,5%,Ciel dégagé  pleinement ensoleillé,64%
Zarzis,17/08/2018,31°,28°,25km/h,10km,6%,Ciel dégagé  pleinement ensoleillé,69%
Zarzis,18/08/2018,31°,28°,28km/h,10km,12%,Ciel dégagé  pleinement ensoleillé,73%
Zarzis,19/08/2018,30°,28°,22km/h,10km,12%,Ciel dégagé  pleinement ensoleillé,71%
Zarzis,20/08/2018,30°,28°,20km/h,9.875km,24%,Soleil et partiellement nuageux,68%
Zarzis,21/08/2018,30°,27°,19km/h,10km,7%,Ciel dégagé  pleinement ensoleillé,63%
Zarzis,22/08/2018,30°,27°,19km/h,10km,11%,Ciel dégagé  pleinement ensoleillé,58%
Zarzis,23/08/2018,31°,27°,23km/h,10km,14%,Ciel dégagé  pleinement ensoleillé,58%
Zarzis,24/08/2018,30°,28°,19km/h,9.875km,12%,Ciel dégagé  pleinement ensoleillé,67%
Zarzis,25/08/2018,30°,27°,17km/h,10km,4%,Ciel dégagé  pleinement ensoleillé,61%
Zarzis,26/08/2018,35°,28°,20km/h,10km,4%,Ciel dégagé  pleinement ensoleillé,56%
Zarzis,27/08/2018,31°,28°,28km/h,10km,5%,Ciel dégagé  pleinement ensoleillé,73%
Zarzis,28/08/2018,29°,27°,19km/h,10km,6%,Ciel dégagé  pleinement ensoleillé,59%
Zarzis,29/08/2018,29°,27°,19km/h,10km,4%,Ciel dégagé  pleinement ensoleillé,58%
Zarzis,30/08/2018,29°,27°,18km/h,10km,11%,Ciel dégagé  pleinement ensoleillé,63%
Zarzis,31/08/2018,29°,27°,19km/h,10km,21%,Ciel dégagé  pleinement ensoleillé,63%
Zarzis,01/09/2018,31°,27°,21km/h,10km,3%,Ciel dégagé  pleinement ensoleillé,68%
Zarzis,02/09/2018,34°,28°,26km/h,10km,9%,Ciel dégagé  pleinement ensoleillé,61%
Zarzis,03/09/2018,36°,30°,20km/h,10km,11%,Soleil et partiellement nuageux,39%
Zarzis,04/09/2018,36°,31°,23km/h,53%,10km,Ciel dégagé  pleinement ensoleillé,0mm
Zarzis,05/09/2018,34°,32°,19km/h,51%,10km,Ciel dégagé  pleinement ensoleillé,1mm
Zarzis,06/09/2018,37°,32°,19km/h,39%,10km,Ciel dégagé  pleinement ensoleillé,0mm
Zarzis,07/09/2018,35°,29°,28km/h,10km,2%,Ciel dégagé  pleinement ensoleillé,71%
Zarzis,08/09/2018,30°,28°,25km/h,10km,6%,Ciel dégagé  pleinement ensoleillé,73%
Zarzis,09/09/2018,31°,29°,27km/h,10km,20%,Ciel dégagé  pleinement ensoleillé,77%
Zarzis,10/09/2018,31°,29°,24km/h,10km,6%,Ciel dégagé  pleinement ensoleillé,79%
Zarzis,11/09/2018,30°,28°,27km/h,10km,13%,Ciel dégagé  pleinement ensoleillé,80%
Zarzis,12/09/2018,29°,28°,16km/h,10km,11%,Ciel dégagé  pleinement ensoleillé,68%
Zarzis,13/09/2018,30°,27°,19km/h,10km,33%,Ciel dégagé  pleinement ensoleillé,64%
Zarzis,14/09/2018,30°,27°,16km/h,10km,18%,Ciel dégagé  pleinement ensoleillé,61%
Zarzis,15/09/2018,29°,27°,21km/h,10km,16%,Ciel dégagé  pleinement ensoleillé,64%
Zarzis,16/09/2018,29°,27°,18km/h,10km,26%,Ciel dégagé  pleinement ensoleillé,66%
Zarzis,17/09/2018,30°,27°,21km/h,65%,10km,Ciel dégagé  pleinement ensoleillé,0mm
Zarzis,18/09/2018,30°,27°,19km/h,63%,9.875km,Ciel dégagé  pleinement ensoleillé,1mm
Zarzis,19/09/2018,31°,27°,23km/h,63%,9.875km,Ciel dégagé  pleinement ensoleillé,0mm
Zarzis,20/09/2018,31°,28°,26km/h,9.875km,20%,Soleil et partiellement nuageux,63%
Zarzis,21/09/2018,30°,28°,23km/h,9.75km,15%,Ciel dégagé  pleinement ensoleillé,63%
Zarzis,22/09/2018,29°,28°,22km/h,10km,9%,Ciel dégagé  pleinement ensoleillé,60%
Zarzis,23/09/2018,29°,26°,20km/h,10km,24%,Soleil et partiellement nuageux,64%
Zarzis,24/09/2018,29°,27°,15km/h,65%,10km,Ciel dégagé  pleinement ensoleillé,0mm
Zarzis,25/09/2018,29°,27°,26km/h,66%,10km,Ciel dégagé  pleinement ensoleillé,1mm
Zarzis,26/09/2018,28°,26°,26km/h,71%,9.875km,Soleil et partiellement nuageux,4mm
Zarzis,27/09/2018,25°,23°,32km/h,64%,10km,Soleil et partiellement nuageux,2mm
Zarzis,28/09/2018,26°,22°,31km/h,59%,9.75km,Soleil et partiellement nuageux,2mm
Zarzis,29/09/2018,26°,24°,15km/h,51%,10km,Ciel dégagé  pleinement ensoleillé,0mm
Zarzis,30/09/2018,27°,24°,14km/h,10km,1%,Ciel dégagé  pleinement ensoleillé,56%
Zarzis,01/10/2018,29°,24°,19km/h,66%,10km,Ciel dégagé  pleinement ensoleillé,0mm
Zarzis,02/10/2018,27°,23°,45km/h,75%,9.75km,Nuageux,1mm
Zarzis,03/10/2018,24°,22°,19km/h,53%,9.5km,Soleil et partiellement nuageux,4mm
Zarzis,04/10/2018,24°,22°,23km/h,48%,10km,Couvert,0mm
Zarzis,05/10/2018,26°,22°,15km/h,10km,17%,Ciel dégagé  pleinement ensoleillé,57%
Zarzis,06/10/2018,27°,24°,16km/h,10km,2%,Ciel dégagé  pleinement ensoleillé,63%
Zarzis,07/10/2018,28°,24°,21km/h,10km,12%,Soleil et partiellement nuageux,69%
Zarzis,08/10/2018,29°,25°,31km/h,10km,9%,Ciel dégagé  pleinement ensoleillé,61%
Zarzis,09/10/2018,29°,26°,33km/h,10km,12%,Ciel dégagé  pleinement ensoleillé,66%
Zarzis,10/10/2018,28°,25°,30km/h,10km,12%,Ciel dégagé  pleinement ensoleillé,63%
Zarzis,11/10/2018,29°,25°,29km/h,62%,10km,Ciel dégagé  pleinement ensoleillé,0mm
Zarzis,12/10/2018,27°,26°,17km/h,67%,9.875km,Soleil et partiellement nuageux,3mm
Zarzis,13/10/2018,25°,24°,19km/h,74%,9.625km,Nuageux,6mm
Zarzis,14/10/2018,25°,23°,18km/h,68%,10km,Ciel dégagé  pleinement ensoleillé,1mm
Zarzis,15/10/2018,29°,23°,19km/h,64%,10km,Ciel dégagé  pleinement ensoleillé,0mm
Zarzis,16/10/2018,28°,25°,28km/h,10km,9%,Ciel dégagé  pleinement ensoleillé,67%
Zarzis,17/10/2018,28°,25°,40km/h,10km,7%,Ciel dégagé  pleinement ensoleillé,78%
Zarzis,18/10/2018,27°,23°,21km/h,10km,21%,Nuageux,58%
Zarzis,19/10/2018,26°,23°,18km/h,10km,7%,Ciel dégagé  pleinement ensoleillé,55%
Zarzis,20/10/2018,25°,23°,14km/h,10km,45%,Soleil et partiellement nuageux,66%
Zarzis,21/10/2018,25°,23°,12km/h,78%,10km,Soleil et partiellement nuageux,0mm
Zarzis,22/10/2018,26°,24°,26km/h,63%,9.875km,Ciel dégagé  pleinement ensoleillé,1mm
Zarzis,23/10/2018,24°,21°,44km/h,61%,9.875km,Soleil et partiellement nuageux,1mm
Zarzis,24/10/2018,24°,21°,37km/h,68%,10km,Ciel dégagé  pleinement ensoleillé,0mm
Zarzis,25/10/2018,24°,21°,19km/h,63%,10km,Ciel dégagé  pleinement ensoleillé,1mm
Zarzis,26/10/2018,25°,21°,20km/h,77%,10km,Ciel dégagé  pleinement ensoleillé,0mm
Zarzis,27/10/2018,27°,22°,20km/h,52%,10km,Ciel dégagé  pleinement ensoleillé,0mm
Zarzis,28/10/2018,28°,23°,23km/h,54%,9.875km,Ciel dégagé  pleinement ensoleillé,1mm
Zarzis,29/10/2018,31°,22°,48km/h,38%,10km,Ciel dégagé  pleinement ensoleillé,1mm
Zarzis,30/10/2018,21°,18°,17km/h,31%,10km,Ciel dégagé  pleinement ensoleillé,0mm
Zarzis,31/10/2018,24°,22°,38km/h,74%,9.75km,Soleil et partiellement nuageux,3mm
Zarzis,01/11/2018,27°,23°,34km/h,70%,9.875km,Ciel dégagé  pleinement ensoleillé,1mm
Zarzis,02/11/2018,24°,22°,31km/h,71%,8.875km,Foyers orageux à proximité,4mm
Zarzis,03/11/2018,22°,20°,23km/h,70%,9.5km,Ciel dégagé  pleinement ensoleillé,4mm
Zarzis,04/11/2018,22°,18°,15km/h,55%,10km,Ciel dégagé  pleinement ensoleillé,0mm
Zarzis,05/11/2018,23°,18°,15km/h,10km,0%,Ciel dégagé  pleinement ensoleillé,52%
Zarzis,06/11/2018,23°,19°,8km/h,10km,5%,Ciel dégagé  pleinement ensoleillé,49%
Zarzis,07/11/2018,24°,19°,14km/h,10km,4%,Ciel dégagé  pleinement ensoleillé,58%
Zarzis,08/11/2018,23°,19°,9km/h,10km,2%,Ciel dégagé  pleinement ensoleillé,58%
Zarzis,09/11/2018,24°,19°,15km/h,70%,10km,Ciel dégagé  pleinement ensoleillé,0mm
Zarzis,10/11/2018,22°,18°,25km/h,73%,9.5km,Ciel dégagé  pleinement ensoleillé,3mm
Zarzis,11/11/2018,21°,18°,41km/h,76%,10km,Couvert,3mm
Zarzis,12/11/2018,23°,21°,28km/h,74%,10km,Ciel dégagé  pleinement ensoleillé,2mm
Zarzis,13/11/2018,23°,21°,22km/h,77%,10km,Ciel dégagé  pleinement ensoleillé,1mm
Zarzis,14/11/2018,22°,20°,19km/h,73%,10km,Soleil et partiellement nuageux,0mm
Zarzis,15/11/2018,22°,19°,28km/h,10km,6%,Ciel dégagé  pleinement ensoleillé,67%
Zarzis,16/11/2018,23°,19°,22km/h,72%,10km,Ciel dégagé  pleinement ensoleillé,0mm
Zarzis,17/11/2018,20°,18°,12km/h,77%,9.625km,Soleil et partiellement nuageux,6mm
Zarzis,18/11/2018,20°,18°,18km/h,69%,10km,Ciel dégagé  pleinement ensoleillé,0mm
Zarzis,19/11/2018,25°,18°,27km/h,10km,14%,Ciel dégagé  pleinement ensoleillé,61%
Zarzis,20/11/2018,24°,20°,38km/h,10km,31%,Ciel dégagé  pleinement ensoleillé,46%
Zarzis,21/11/2018,24°,18°,18km/h,10km,1%,Ciel dégagé  pleinement ensoleillé,46%
Zarzis,22/11/2018,22°,18°,12km/h,10km,24%,Ciel dégagé  pleinement ensoleillé,45%
Zarzis,23/11/2018,23°,18°,22km/h,10km,3%,Ciel dégagé  pleinement ensoleillé,53%
Zarzis,24/11/2018,24°,20°,22km/h,10km,25%,Couvert,48%
Zarzis,25/11/2018,21°,18°,22km/h,10km,14%,Ciel dégagé  pleinement ensoleillé,56%
Zarzis,26/11/2018,22°,16°,28km/h,10km,9%,Ciel dégagé  pleinement ensoleillé,52%
Zarzis,27/11/2018,20°,17°,32km/h,10km,12%,Ciel dégagé  pleinement ensoleillé,56%
Zarzis,28/11/2018,20°,16°,37km/h,60%,10km,Ciel dégagé  pleinement ensoleillé,0mm
Zarzis,29/11/2018,18°,16°,31km/h,68%,9.875km,Ciel dégagé  pleinement ensoleillé,1mm
Zarzis,30/11/2018,20°,15°,17km/h,65%,10km,Ciel dégagé  pleinement ensoleillé,0mm
Zarzis,01/12/2018,19°,16°,29km/h,54%,10km,Soleil et partiellement nuageux,1mm
Zarzis,02/12/2018,19°,16°,40km/h,68%,9.875km,Nuageux,2mm
Zarzis,03/12/2018,19°,16°,21km/h,64%,10km,Ciel dégagé  pleinement ensoleillé,0mm
Zarzis,04/12/2018,20°,16°,26km/h,10km,3%,Ciel dégagé  pleinement ensoleillé,53%
Zarzis,05/12/2018,20°,18°,29km/h,10km,0%,Ciel dégagé  pleinement ensoleillé,65%
Zarzis,06/12/2018,21°,16°,13km/h,76%,10km,Ciel dégagé  pleinement ensoleillé,0mm
Zarzis,07/12/2018,19°,18°,31km/h,70%,9.75km,Soleil et partiellement nuageux,1mm
Zarzis,08/12/2018,19°,17°,26km/h,81%,10km,Soleil et partiellement nuageux,1mm
Zarzis,09/12/2018,19°,17°,17km/h,65%,10km,Ciel dégagé  pleinement ensoleillé,1mm
Zarzis,10/12/2018,19°,16°,30km/h,63%,10km,Ciel dégagé  pleinement ensoleillé,0mm
Zarzis,11/12/2018,19°,15°,12km/h,10km,1%,Ciel dégagé  pleinement ensoleillé,57%
Zarzis,12/12/2018,19°,14°,13km/h,10km,26%,Ciel dégagé  pleinement ensoleillé,52%
Zarzis,13/12/2018,20°,14°,18km/h,47%,10km,Ciel dégagé  pleinement ensoleillé,0mm
Zarzis,14/12/2018,18°,15°,40km/h,43%,10km,Ciel dégagé  pleinement ensoleillé,1mm
Zarzis,15/12/2018,17°,15°,48km/h,72%,10km,Ciel dégagé  pleinement ensoleillé,1mm
Zarzis,16/12/2018,19°,15°,23km/h,62%,10km,Ciel dégagé  pleinement ensoleillé,0mm
Zarzis,17/12/2018,21°,16°,33km/h,10km,8%,Ciel dégagé  pleinement ensoleillé,46%
Zarzis,18/12/2018,16°,15°,31km/h,10km,1%,Ciel dégagé  pleinement ensoleillé,63%
Zarzis,19/12/2018,19°,13°,16km/h,10km,2%,Ciel dégagé  pleinement ensoleillé,56%
Zarzis,20/12/2018,17°,13°,9km/h,10km,74%,Couvert,44%
Zarzis,21/12/2018,18°,14°,19km/h,10km,41%,Ciel dégagé  pleinement ensoleillé,68%
Zarzis,22/12/2018,17°,15°,11km/h,10km,16%,Ciel dégagé  pleinement ensoleillé,67%
Zarzis,23/12/2018,18°,14°,14km/h,10km,2%,Ciel dégagé  pleinement ensoleillé,70%
Zarzis,24/12/2018,19°,14°,16km/h,60%,10km,Ciel dégagé  pleinement ensoleillé,0mm
Zarzis,25/12/2018,18°,14°,23km/h,57%,9.875km,Ciel dégagé  pleinement ensoleillé,1mm
Zarzis,26/12/2018,17°,15°,32km/h,64%,10km,Ciel dégagé  pleinement ensoleillé,0mm
Zarzis,27/12/2018,15°,14°,10km/h,10km,25%,Soleil et partiellement nuageux,59%
Zarzis,28/12/2018,15°,12°,11km/h,10km,3%,Ciel dégagé  pleinement ensoleillé,64%
Zarzis,29/12/2018,15°,11°,9km/h,62%,10km,Ciel dégagé  pleinement ensoleillé,0mm
Zarzis,30/12/2018,15°,11°,9km/h,71%,10km,Ciel dégagé  pleinement ensoleillé,1mm
Zarzis,31/12/2018,16°,15°,34km/h,64%,9.875km,Soleil et partiellement nuageux,1mm
Zarzis,01/01/2019,17°,15°,49km/h,66%,9.75km,Soleil et partiellement nuageux,3mm
Zarzis,02/01/2019,18°,15°,32km/h,69%,9.75km,Ciel dégagé  pleinement ensoleillé,2mm
Zarzis,03/01/2019,16°,14°,32km/h,68%,10km,Pluie légère et soleil,1mm
Zarzis,04/01/2019,13°,12°,21km/h,55%,10km,Soleil et partiellement nuageux,1mm
Zarzis,05/01/2019,13°,12°,33km/h,66%,9.875km,Pluie légère et soleil,1mm
Zarzis,06/01/2019,16°,12°,36km/h,60%,10km,Soleil et partiellement nuageux,0mm
Zarzis,07/01/2019,15°,14°,30km/h,71%,9.625km,Faibles averses de pluie,2mm
Zarzis,08/01/2019,16°,14°,18km/h,70%,9.75km,Faibles averses de pluie,2mm
Zarzis,09/01/2019,16°,12°,33km/h,61%,10km,Soleil et partiellement nuageux,0mm
Zarzis,10/01/2019,16°,12°,21km/h,52%,10km,Soleil et partiellement nuageux,0mm
Zarzis,11/01/2019,13°,10°,26km/h,73%,9.25km,Couvert,12mm
Zarzis,12/01/2019,13°,11°,40km/h,59%,9.5km,Soleil et partiellement nuageux,5mm
Zarzis,13/01/2019,14°,11°,37km/h,61%,10km,Nuageux,1mm
Zarzis,14/01/2019,17°,12°,39km/h,57%,10km,Soleil et partiellement nuageux,0mm
Zarzis,15/01/2019,16°,14°,27km/h,64%,10km,Soleil et partiellement nuageux,1mm
Zarzis,16/01/2019,15°,13°,18km/h,73%,10km,Soleil et partiellement nuageux,0mm
Zarzis,17/01/2019,16°,13°,21km/h,10km,4%,Soleil et partiellement nuageux,61%
Zarzis,18/01/2019,16°,14°,19km/h,10km,41%,Soleil et partiellement nuageux,69%
Zarzis,19/01/2019,15°,12°,14km/h,10km,16%,Soleil et partiellement nuageux,56%
Zarzis,20/01/2019,17°,13°,21km/h,51%,10km,Soleil et partiellement nuageux,0mm
Zarzis,21/01/2019,19°,14°,31km/h,54%,10km,Pluie légère et soleil,1mm
Zarzis,22/01/2019,15°,13°,17km/h,77%,9.625km,Pluie légère et soleil,5mm
Zarzis,23/01/2019,14°,11°,40km/h,67%,9.5km,Soleil et partiellement nuageux,8mm
Zarzis,24/01/2019,15°,8°,56km/h,61%,8km,Bruine légère,1mm
Zarzis,25/01/2019,14°,12°,55km/h,57%,9.875km,Soleil et partiellement nuageux,1mm
Zarzis,26/01/2019,14°,11°,40km/h,63%,9.875km,Soleil et partiellement nuageux,1mm
Zarzis,27/01/2019,16°,12°,19km/h,63%,10km,Ciel dégagé  pleinement ensoleillé,0mm
Zarzis,28/01/2019,15°,14°,23km/h,9.875km,28%,Soleil et partiellement nuageux,60%
Zarzis,29/01/2019,15°,12°,42km/h,10km,20%,Soleil et partiellement nuageux,59%
Zarzis,30/01/2019,17°,12°,32km/h,10km,34%,Soleil et partiellement nuageux,56%
Zarzis,31/01/2019,18°,13°,26km/h,10km,22%,Soleil et partiellement nuageux,65%
Zarzis,01/02/2019,22°,15°,24km/h,10km,13%,Soleil et partiellement nuageux,58%
Zarzis,02/02/2019,21°,17°,39km/h,10km,31%,Nuageux,40%
Zarzis,03/02/2019,15°,13°,32km/h,48%,10km,Soleil et partiellement nuageux,0mm
Zarzis,04/02/2019,13°,11°,51km/h,62%,9.875km,Nuageux,7mm
Zarzis,05/02/2019,14°,12°,66km/h,82%,8.625km,Forte pluie continue,126mm
Zarzis,06/02/2019,15°,13°,42km/h,68%,9.875km,Soleil et partiellement nuageux,2mm
Zarzis,07/02/2019,14°,12°,25km/h,72%,9.875km,Pluie légère et soleil,1mm
Zarzis,08/02/2019,16°,13°,16km/h,64%,10km,Ciel dégagé  pleinement ensoleillé,0mm
Zarzis,09/02/2019,17°,13°,12km/h,18.375km,2%,Ciel dégagé  pleinement ensoleillé,57%
Zarzis,10/02/2019,19°,12°,17km/h,15km,0%,Ciel dégagé  pleinement ensoleillé,76%
Zarzis,11/02/2019,19°,14°,22km/h,55%,13.75km,Ciel dégagé  pleinement ensoleillé,0mm
Zarzis,12/02/2019,15°,13°,39km/h,65%,12.25km,Pluie légère et soleil,1mm
Zarzis,13/02/2019,14°,12°,37km/h,60%,12.25km,Soleil et partiellement nuageux,1mm
Zarzis,14/02/2019,14°,12°,33km/h,70%,13.5km,Pluie légère et soleil,2mm
Zarzis,15/02/2019,16°,12°,21km/h,66%,12.875km,Ciel dégagé  pleinement ensoleillé,0mm
Zarzis,16/02/2019,14°,13°,26km/h,71%,14.375km,Pluie légère et soleil,1mm
Zarzis,17/02/2019,14°,12°,18km/h,66%,15km,Pluie légère et soleil,1mm
Zarzis,18/02/2019,15°,12°,23km/h,68%,11.625km,Soleil et partiellement nuageux,0mm
Zarzis,19/02/2019,16°,13°,24km/h,11.25km,14%,Soleil et partiellement nuageux,63%
Zarzis,20/02/2019,16°,14°,21km/h,10km,49%,Soleil et partiellement nuageux,69%
Zarzis,21/02/2019,15°,13°,25km/h,10km,2%,Soleil et partiellement nuageux,83%
Zarzis,22/02/2019,14°,12°,16km/h,80%,10km,Nuageux,0mm
Zarzis,23/02/2019,15°,13°,44km/h,76%,15.875km,Pluie légère et soleil,5mm
Zarzis,24/02/2019,13°,11°,60km/h,74%,10.375km,Faibles averses de pluie,7mm
Zarzis,25/02/2019,13°,12°,47km/h,81%,8.625km,Forte pluie et orages,12mm
Zarzis,26/02/2019,14°,11°,15km/h,60%,10km,Soleil et partiellement nuageux,1mm
Zarzis,27/02/2019,14°,12°,19km/h,64%,10km,Soleil et partiellement nuageux,0mm
Zarzis,28/02/2019,14°,12°,18km/h,75%,10km,Pluie légère et soleil,1mm
Zarzis,01/03/2019,18°,12°,18km/h,69%,10km,Ciel dégagé  pleinement ensoleillé,0mm
Zarzis,02/03/2019,19°,14°,26km/h,10km,12%,Ciel dégagé  pleinement ensoleillé,50%
Zarzis,03/03/2019,15°,13°,13km/h,10km,4%,Ciel dégagé  pleinement ensoleillé,80%
Zarzis,04/03/2019,16°,13°,11km/h,10km,3%,Ciel dégagé  pleinement ensoleillé,77%
Zarzis,05/03/2019,20°,14°,15km/h,10km,0%,Ciel dégagé  pleinement ensoleillé,59%
Zarzis,06/03/2019,21°,16°,15km/h,10km,5%,Soleil et partiellement nuageux,43%
Zarzis,07/03/2019,23°,17°,22km/h,10km,7%,Ciel dégagé  pleinement ensoleillé,37%
Zarzis,08/03/2019,20°,16°,24km/h,10km,22%,Soleil et partiellement nuageux,43%
Zarzis,09/03/2019,17°,16°,36km/h,76%,10km,Soleil et partiellement nuageux,0mm
Zarzis,10/03/2019,16°,14°,36km/h,83%,10km,Soleil et partiellement nuageux,1mm
Zarzis,11/03/2019,16°,14°,36km/h,78%,9.625km,Pluie légère et soleil,1mm
Zarzis,12/03/2019,15°,14°,42km/h,67%,10km,Ciel dégagé  pleinement ensoleillé,0mm
Zarzis,13/03/2019,19°,13°,11km/h,10km,1%,Ciel dégagé  pleinement ensoleillé,57%
Zarzis,14/03/2019,17°,15°,36km/h,10km,8%,Soleil et partiellement nuageux,69%
Zarzis,15/03/2019,19°,13°,20km/h,10km,6%,Soleil et partiellement nuageux,66%
Zarzis,16/03/2019,20°,15°,17km/h,10km,2%,Ciel dégagé  pleinement ensoleillé,56%
Zarzis,17/03/2019,23°,16°,15km/h,18.375km,0%,Ciel dégagé  pleinement ensoleillé,48%
Zarzis,18/03/2019,22°,17°,31km/h,20km,7%,Ciel dégagé  pleinement ensoleillé,57%
Zarzis,19/03/2019,16°,15°,42km/h,74%,11.25km,Soleil et partiellement nuageux,0mm
Zarzis,20/03/2019,15°,13°,32km/h,77%,10km,Pluie légère et soleil,1mm
Zarzis,21/03/2019,17°,12°,19km/h,63%,10km,Soleil et partiellement nuageux,0mm
Zarzis,22/03/2019,16°,13°,29km/h,80%,10km,Soleil et partiellement nuageux,1mm
Zarzis,23/03/2019,16°,13°,18km/h,78%,10km,Soleil et partiellement nuageux,0mm
Zarzis,24/03/2019,16°,14°,15km/h,87%,9.875km,Soleil et partiellement nuageux,1mm
Zarzis,25/03/2019,20°,14°,11km/h,67%,10km,Soleil et partiellement nuageux,0mm
Zarzis,26/03/2019,20°,16°,22km/h,60%,10km,Soleil et partiellement nuageux,0mm
Zarzis,27/03/2019,17°,13°,40km/h,80%,9.75km,Couvert,2mm
Zarzis,28/03/2019,16°,13°,28km/h,77%,18.375km,Soleil et partiellement nuageux,0mm
Zarzis,29/03/2019,16°,13°,28km/h,76%,19.625km,Pluie légère et soleil,1mm
Zarzis,30/03/2019,16°,13°,12km/h,77%,20km,Ciel dégagé  pleinement ensoleillé,0mm
Zarzis,31/03/2019,16°,13°,23km/h,59%,11.25km,Soleil et partiellement nuageux,0mm
Zarzis,01/04/2019,17°,14°,33km/h,79%,9.375km,Soleil et partiellement nuageux,11mm
Zarzis,02/04/2019,16°,14°,17km/h,90%,10km,Soleil et partiellement nuageux,0mm
Zarzis,03/04/2019,21°,14°,30km/h,76%,10km,Soleil et partiellement nuageux,0mm
Zarzis,04/04/2019,23°,19°,28km/h,59%,9.625km,Nuageux,4mm
Zarzis,05/04/2019,19°,15°,24km/h,87%,8.25km,Faibles averses de pluie,19mm
Zarzis,06/04/2019,17°,14°,27km/h,76%,10km,Soleil et partiellement nuageux,0mm
Zarzis,07/04/2019,17°,15°,24km/h,78%,9.875km,Soleil et partiellement nuageux,1mm
Zarzis,08/04/2019,18°,14°,25km/h,64%,10km,Ciel dégagé  pleinement ensoleillé,1mm
Zarzis,09/04/2019,23°,16°,14km/h,46%,10km,Soleil et partiellement nuageux,0mm
Zarzis,10/04/2019,21°,17°,18km/h,70%,10km,Soleil et partiellement nuageux,0mm
Zarzis,11/04/2019,18°,16°,26km/h,80%,10km,Soleil et partiellement nuageux,1mm
Zarzis,12/04/2019,17°,15°,15km/h,77%,10km,Soleil et partiellement nuageux,1mm
Zarzis,13/04/2019,17°,15°,19km/h,70%,10km,Soleil et partiellement nuageux,0mm
Zarzis,14/04/2019,20°,15°,10km/h,10km,9%,Ciel dégagé  pleinement ensoleillé,65%
Zarzis,15/04/2019,22°,17°,30km/h,10km,9%,Soleil et partiellement nuageux,61%
Zarzis,16/04/2019,19°,15°,31km/h,10km,4%,Soleil et partiellement nuageux,71%
Zarzis,17/04/2019,18°,16°,20km/h,10km,0%,Ciel dégagé  pleinement ensoleillé,82%
Zarzis,18/04/2019,19°,16°,32km/h,10km,16%,Ciel dégagé  pleinement ensoleillé,83%
Zarzis,19/04/2019,19°,17°,51km/h,10km,26%,Soleil et partiellement nuageux,77%
Zarzis,20/04/2019,19°,16°,59km/h,74%,10km,Soleil et partiellement nuageux,0mm
Zarzis,21/04/2019,34°,20°,35km/h,52%,10km,Soleil et partiellement nuageux,1mm
Zarzis,22/04/2019,29°,26°,48km/h,31%,10km,Soleil et partiellement nuageux,1mm
Zarzis,23/04/2019,25°,21°,28km/h,42%,10km,Soleil et partiellement nuageux,0mm
Zarzis,24/04/2019,21°,19°,19km/h,10km,27%,Soleil et partiellement nuageux,64%
Zarzis,25/04/2019,19°,16°,16km/h,10km,4%,Ciel dégagé  pleinement ensoleillé,87%
Zarzis,26/04/2019,20°,18°,28km/h,10km,3%,Soleil et partiellement nuageux,82%
Zarzis,27/04/2019,19°,17°,33km/h,10km,3%,Ciel dégagé  pleinement ensoleillé,75%
Zarzis,28/04/2019,18°,16°,21km/h,10km,1%,Ciel dégagé  pleinement ensoleillé,71%
Zarzis,29/04/2019,19°,16°,25km/h,73%,10km,Soleil et partiellement nuageux,0mm
Zarzis,30/04/2019,19°,17°,33km/h,81%,9.875km,Soleil et partiellement nuageux,2mm
Zarzis,01/05/2019,18°,17°,24km/h,77%,10km,Soleil et partiellement nuageux,0mm
Zarzis,02/05/2019,19°,16°,30km/h,73%,10km,Soleil et partiellement nuageux,0mm
Zarzis,03/05/2019,26°,20°,36km/h,63%,10km,Pluie légère et soleil,1mm
Zarzis,04/05/2019,21°,18°,32km/h,81%,10km,Ciel dégagé  pleinement ensoleillé,0mm
Zarzis,05/05/2019,19°,17°,21km/h,10km,33%,Soleil et partiellement nuageux,66%
Zarzis,06/05/2019,18°,17°,24km/h,10km,5%,Ciel dégagé  pleinement ensoleillé,73%
Zarzis,07/05/2019,18°,17°,28km/h,10km,4%,Soleil et partiellement nuageux,71%
Zarzis,08/05/2019,21°,17°,30km/h,10km,4%,Ciel dégagé  pleinement ensoleillé,76%
Zarzis,09/05/2019,30°,22°,32km/h,10km,4%,Ciel dégagé  pleinement ensoleillé,52%
Zarzis,10/05/2019,23°,20°,21km/h,10km,5%,Soleil et partiellement nuageux,69%
Zarzis,11/05/2019,23°,20°,31km/h,10km,2%,Ciel dégagé  pleinement ensoleillé,57%
Zarzis,12/05/2019,21°,20°,38km/h,10km,5%,Soleil et partiellement nuageux,68%
Zarzis,13/05/2019,20°,17°,26km/h,10km,15%,Ciel dégagé  pleinement ensoleillé,54%
Zarzis,14/05/2019,20°,18°,18km/h,10km,31%,Soleil et partiellement nuageux,64%
Zarzis,15/05/2019,21°,17°,27km/h,10km,14%,Soleil et partiellement nuageux,68%
Zarzis,16/05/2019,21°,19°,33km/h,10km,4%,Soleil et partiellement nuageux,57%
Zarzis,17/05/2019,24°,17°,36km/h,10km,3%,Ciel dégagé  pleinement ensoleillé,68%
Zarzis,18/05/2019,24°,19°,36km/h,10km,7%,Soleil et partiellement nuageux,80%
Zarzis,19/05/2019,20°,18°,29km/h,10km,40%,Soleil et partiellement nuageux,75%
Zarzis,20/05/2019,20°,18°,25km/h,82%,10km,Soleil et partiellement nuageux,0mm
Zarzis,21/05/2019,21°,19°,23km/h,74%,9.375km,Soleil et partiellement nuageux,1mm
Zarzis,22/05/2019,20°,18°,24km/h,75%,8.625km,Soleil et partiellement nuageux,1mm
Zarzis,23/05/2019,22°,19°,22km/h,78%,10km,Soleil et partiellement nuageux,0mm
Zarzis,24/05/2019,26°,20°,37km/h,61%,10km,Soleil et partiellement nuageux,1mm
Zarzis,25/05/2019,25°,22°,38km/h,71%,9.125km,Soleil et partiellement nuageux,12mm
Zarzis,26/05/2019,21°,19°,19km/h,83%,9.5km,Pluie légère et soleil,6mm
Zarzis,27/05/2019,24°,20°,15km/h,61%,9.875km,Soleil et partiellement nuageux,1mm
Zarzis,28/05/2019,23°,21°,23km/h,63%,10km,Soleil et partiellement nuageux,0mm
Zarzis,29/05/2019,27°,22°,35km/h,10km,4%,Soleil et partiellement nuageux,70%
Zarzis,30/05/2019,20°,20°,38km/h,10km,5%,Soleil et partiellement nuageux,72%
Zarzis,31/05/2019,20°,19°,29km/h,73%,10km,Soleil et partiellement nuageux,0mm
Zarzis,01/06/2019,20°,18°,22km/h,78%,10km,Pluie légère et soleil,1mm
Zarzis,02/06/2019,21°,19°,15km/h,70%,10km,Ciel dégagé  pleinement ensoleillé,0mm
Zarzis,03/06/2019,24°,19°,21km/h,10km,1%,Ciel dégagé  pleinement ensoleillé,68%
Zarzis,04/06/2019,26°,21°,27km/h,10km,3%,Soleil et partiellement nuageux,55%
Zarzis,05/06/2019,32°,25°,28km/h,10km,3%,Soleil et partiellement nuageux,41%
Zarzis,06/06/2019,26°,25°,28km/h,10km,3%,Soleil et partiellement nuageux,60%
Zarzis,07/06/2019,31°,24°,31km/h,10km,13%,Soleil et partiellement nuageux,55%
Zarzis,08/06/2019,29°,26°,26km/h,10km,1%,Soleil et partiellement nuageux,47%
Zarzis,09/06/2019,31°,24°,27km/h,18.375km,1%,Ciel dégagé  pleinement ensoleillé,51%
Zarzis,10/06/2019,33°,27°,35km/h,41%,11.625km,Soleil et partiellement nuageux,0mm
Zarzis,11/06/2019,36°,28°,27km/h,35%,13.25km,Soleil et partiellement nuageux,1mm
Zarzis,12/06/2019,31°,23°,31km/h,79%,19.875km,Soleil et partiellement nuageux,1mm
Zarzis,13/06/2019,26°,22°,18km/h,86%,20km,Soleil et partiellement nuageux,0mm
Zarzis,14/06/2019,29°,26°,22km/h,56%,20km,Soleil et partiellement nuageux,1mm
Zarzis,15/06/2019,26°,24°,28km/h,72%,19.75km,Pluie légère et soleil,2mm
Zarzis,16/06/2019,25°,23°,23km/h,74%,19.75km,Soleil et partiellement nuageux,2mm
Zarzis,17/06/2019,25°,23°,39km/h,76%,20km,Soleil et partiellement nuageux,0mm
Zarzis,18/06/2019,25°,22°,28km/h,20km,4%,Soleil et partiellement nuageux,83%
Zarzis,19/06/2019,27°,22°,23km/h,11.625km,2%,Soleil et partiellement nuageux,78%
Zarzis,20/06/2019,30°,27°,25km/h,10km,15%,Soleil et partiellement nuageux,52%
Zarzis,21/06/2019,33°,28°,33km/h,10km,7%,Soleil et partiellement nuageux,49%
Zarzis,22/06/2019,33°,29°,32km/h,10km,0%,Ciel dégagé  pleinement ensoleillé,45%
Zarzis,23/06/2019,34°,30°,30km/h,10km,3%,Soleil et partiellement nuageux,41%
Zarzis,24/06/2019,37°,31°,23km/h,10km,1%,Ciel dégagé  pleinement ensoleillé,31%
Zarzis,25/06/2019,31°,28°,21km/h,10km,0%,Ciel dégagé  pleinement ensoleillé,63%
Zarzis,26/06/2019,28°,25°,22km/h,10km,29,Ciel dégagé  pleinement ensoleillé,77%
Zarzis,27/06/2019,28°,25°,19km/h,10km,0%,Ciel dégagé  pleinement ensoleillé,73%
Zarzis,28/06/2019,29°,25°,16km/h,10km,5%,Soleil et partiellement nuageux,69%
Zarzis,29/06/2019,31°,26°,15km/h,10km,5%,Soleil et partiellement nuageux,70%
Zarzis,30/06/2019,29°,26°,25km/h,10km,9%,Soleil et partiellement nuageux,70%
Zarzis,01/07/2019,28°,25°,24km/h,10km,1%,Ciel dégagé  pleinement ensoleillé,78%
Zarzis,02/07/2019,28°,25°,25km/h,10km,1%,Ciel dégagé  pleinement ensoleillé,82%
Zarzis,03/07/2019,28°,25°,20km/h,10km,0%,Ciel dégagé  pleinement ensoleillé,67%
Zarzis,04/07/2019,29°,25°,22km/h,10km,4%,Ciel dégagé  pleinement ensoleillé,73%
Zarzis,05/07/2019,32°,27°,22km/h,10km,3%,Ciel dégagé  pleinement ensoleillé,57%
Zarzis,06/07/2019,32°,28°,16km/h,10km,0%,Ciel dégagé  pleinement ensoleillé,53%
Zarzis,07/07/2019,33°,27°,16km/h,10km,1%,Ciel dégagé  pleinement ensoleillé,54%
Zarzis,08/07/2019,34°,28°,23km/h,10km,2%,Soleil et partiellement nuageux,49%
Zarzis,09/07/2019,37°,30°,32km/h,10km,2%,Soleil et partiellement nuageux,42%
Zarzis,10/07/2019,39°,31°,32km/h,10km,0%,Ciel dégagé  pleinement ensoleillé,55%
Zarzis,11/07/2019,29°,27°,21km/h,10km,1%,Ciel dégagé  pleinement ensoleillé,72%
Zarzis,12/07/2019,29°,26°,25km/h,10km,0%,Ciel dégagé  pleinement ensoleillé,75%
Zarzis,13/07/2019,32°,26°,23km/h,10km,1%,Ciel dégagé  pleinement ensoleillé,75%
Zarzis,14/07/2019,37°,32°,28km/h,10km,7%,Soleil et partiellement nuageux,43%
Zarzis,15/07/2019,31°,28°,32km/h,10km,9%,Soleil et partiellement nuageux,74%
Zarzis,16/07/2019,31°,27°,17km/h,10km,4%,Soleil et partiellement nuageux,61%
Zarzis,17/07/2019,28°,25°,17km/h,10km,15%,Soleil et partiellement nuageux,68%
Zarzis,18/07/2019,29°,24°,27km/h,10km,13%,Soleil et partiellement nuageux,65%
Zarzis,19/07/2019,28°,26°,21km/h,10km,6%,Soleil et partiellement nuageux,69%
Zarzis,20/07/2019,28°,25°,25km/h,10km,1%,Ciel dégagé  pleinement ensoleillé,70%
Zarzis,21/07/2019,28°,26°,31km/h,10km,4%,Soleil et partiellement nuageux,71%
Zarzis,22/07/2019,28°,25°,22km/h,10km,1%,Ciel dégagé  pleinement ensoleillé,69%
Zarzis,23/07/2019,29°,26°,16km/h,10km,0%,Ciel dégagé  pleinement ensoleillé,65%
Zarzis,24/07/2019,31°,24°,18km/h,10km,31,Ciel dégagé  pleinement ensoleillé,59%
Zarzis,25/07/2019,31°,25°,25km/h,10km,0%,Ciel dégagé  pleinement ensoleillé,59%
Zarzis,26/07/2019,31°,27°,29km/h,10km,1%,Ciel dégagé  pleinement ensoleillé,60%
Zarzis,27/07/2019,37°,28°,25km/h,10km,3%,Soleil et partiellement nuageux,48%
Zarzis,28/07/2019,31°,28°,32km/h,10km,1%,Ciel dégagé  pleinement ensoleillé,67%
Zarzis,29/07/2019,29°,27°,24km/h,10km,0%,Ciel dégagé  pleinement ensoleillé,76%
Zarzis,30/07/2019,29°,26°,27km/h,10km,5%,Soleil et partiellement nuageux,78%
Zarzis,31/07/2019,30°,26°,21km/h,10km,5%,Soleil et partiellement nuageux,72%
Zarzis,01/08/2019,31°,25°,21km/h,10km,0%,Ciel dégagé  pleinement ensoleillé,76%
Zarzis,02/08/2019,33°,27°,26km/h,10km,1%,Ciel dégagé  pleinement ensoleillé,62%
Zarzis,03/08/2019,37°,30°,23km/h,10km,3%,Soleil et partiellement nuageux,46%
Zarzis,04/08/2019,31°,28°,25km/h,10km,7%,Soleil et partiellement nuageux,70%
Zarzis,05/08/2019,31°,28°,21km/h,10km,4%,Soleil et partiellement nuageux,67%
Zarzis,06/08/2019,31°,27°,30km/h,10km,2%,Soleil et partiellement nuageux,69%
Zarzis,07/08/2019,35°,28°,23km/h,10km,7%,Soleil et partiellement nuageux,51%
Zarzis,08/08/2019,38°,31°,24km/h,10km,16%,Ciel dégagé  pleinement ensoleillé,42%
Zarzis,09/08/2019,32°,29°,19km/h,10km,7%,Ciel dégagé  pleinement ensoleillé,67%
Zarzis,10/08/2019,30°,27°,19km/h,10km,1%,Ciel dégagé  pleinement ensoleillé,76%
Zarzis,11/08/2019,30°,26°,18km/h,10km,3%,Ciel dégagé  pleinement ensoleillé,80%
Zarzis,12/08/2019,31°,25°,21km/h,10km,0%,Ciel dégagé  pleinement ensoleillé,75%
Zarzis,13/08/2019,32°,26°,18km/h,10km,0%,Ciel dégagé  pleinement ensoleillé,68%
Zarzis,14/08/2019,30°,28°,27km/h,10km,4%,Soleil et partiellement nuageux,70%
Zarzis,15/08/2019,29°,27°,23km/h,10km,9%,Soleil et partiellement nuageux,62%
Zarzis,16/08/2019,29°,26°,18km/h,10km,1%,Ciel dégagé  pleinement ensoleillé,60%
Zarzis,17/08/2019,30°,25°,18km/h,10km,1%,Ciel dégagé  pleinement ensoleillé,69%
Zarzis,18/08/2019,30°,25°,27km/h,10km,2%,Soleil et partiellement nuageux,74%
Zarzis,19/08/2019,30°,26°,32km/h,10km,5%,Soleil et partiellement nuageux,63%
Zarzis,20/08/2019,29°,27°,33km/h,10km,4%,Soleil et partiellement nuageux,76%
Zarzis,21/08/2019,29°,27°,28km/h,10km,9%,Soleil et partiellement nuageux,74%
Zarzis,22/08/2019,29°,26°,30km/h,10km,6%,Soleil et partiellement nuageux,76%
Zarzis,23/08/2019,29°,27°,26km/h,10km,4%,Soleil et partiellement nuageux,78%
Zarzis,24/08/2019,29°,26°,28km/h,10km,4%,Soleil et partiellement nuageux,76%
Zarzis,25/08/2019,30°,27°,30km/h,10km,7%,Soleil et partiellement nuageux,72%
Zarzis,26/08/2019,30°,27°,26km/h,10km,8%,Soleil et partiellement nuageux,74%
Zarzis,27/08/2019,30°,26°,28km/h,10km,4%,Soleil et partiellement nuageux,77%
Zarzis,28/08/2019,31°,28°,35km/h,10km,5%,Soleil et partiellement nuageux,60%
Zarzis,29/08/2019,31°,27°,28km/h,10km,6%,Soleil et partiellement nuageux,71%
Zarzis,30/08/2019,29°,27°,30km/h,10km,23%,Soleil et partiellement nuageux,77%
Zarzis,31/08/2019,28°,26°,21km/h,10km,27%,Nuageux,78%
Zarzis,01/09/2019,29°,26°,19km/h,72%,9.875km,Soleil et partiellement nuageux,0mm
Zarzis,02/09/2019,30°,26°,24km/h,70%,10km,Soleil et partiellement nuageux,3mm
Zarzis,03/09/2019,29°,26°,24km/h,69%,10km,Soleil et partiellement nuageux,0mm
Zarzis,04/09/2019,28°,25°,23km/h,10km,29%,Soleil et partiellement nuageux,71%
Zarzis,05/09/2019,28°,25°,17km/h,71%,10km,Soleil et partiellement nuageux,0mm
Zarzis,06/09/2019,27°,26°,21km/h,68%,10km,Soleil et partiellement nuageux,1mm
Zarzis,07/09/2019,27°,25°,24km/h,70%,10km,Soleil et partiellement nuageux,0mm
Zarzis,08/09/2019,28°,25°,24km/h,10km,25%,Soleil et partiellement nuageux,69%
Zarzis,09/09/2019,29°,25°,29km/h,10km,8%,Soleil et partiellement nuageux,70%
Zarzis,10/09/2019,30°,27°,31km/h,10km,18%,Soleil et partiellement nuageux,75%
Zarzis,11/09/2019,29°,25°,44km/h,10km,8%,Soleil et partiellement nuageux,81%
Zarzis,12/09/2019,28°,26°,31km/h,10km,12%,Soleil et partiellement nuageux,83%
Zarzis,13/09/2019,28°,26°,27km/h,10km,6%,Soleil et partiellement nuageux,79%
Zarzis,14/09/2019,28°,25°,27km/h,10km,5%,Soleil et partiellement nuageux,78%
Zarzis,15/09/2019,27°,24°,22km/h,10km,14%,Soleil et partiellement nuageux,77%
Zarzis,16/09/2019,24°,0°,25km/h,10km,3%,Ciel dégagé  pleinement ensoleillé,73%
Zarzis,17/09/2019,28°,24°,21km/h,10km,5%,Ciel dégagé  pleinement ensoleillé,70%
Zarzis,18/09/2019,31°,25°,20km/h,10km,9%,Soleil et partiellement nuageux,66%
Zarzis,19/09/2019,32°,26°,20km/h,10km,8%,Soleil et partiellement nuageux,74%
Zarzis,20/09/2019,33°,29°,18km/h,10km,7%,Soleil et partiellement nuageux,59%
Zarzis,21/09/2019,30°,26°,27km/h,10km,8%,Soleil et partiellement nuageux,72%
Zarzis,22/09/2019,29°,26°,24km/h,10km,6%,Soleil et partiellement nuageux,79%
Zarzis,23/09/2019,36°,28°,15km/h,10km,19%,Soleil et partiellement nuageux,51%
Zarzis,24/09/2019,28°,26°,24km/h,10km,19%,Soleil et partiellement nuageux,81%
Zarzis,25/09/2019,27°,25°,23km/h,10km,8%,Soleil et partiellement nuageux,78%
Zarzis,26/09/2019,28°,25°,21km/h,10km,6%,Soleil et partiellement nuageux,75%
Zarzis,27/09/2019,28°,25°,17km/h,10km,15%,Soleil et partiellement nuageux,75%
Zarzis,28/09/2019,27°,23°,15km/h,10km,1%,Ciel dégagé  pleinement ensoleillé,69%
Zarzis,29/09/2019,27°,23°,23km/h,10km,2%,Ciel dégagé  pleinement ensoleillé,77%
Zarzis,30/09/2019,28°,23°,23km/h,10km,11%,Soleil et partiellement nuageux,78%
Zarzis,01/10/2019,28°,24°,24km/h,10km,1%,Ciel dégagé  pleinement ensoleillé,74%
Zarzis,02/10/2019,32°,23°,25km/h,10km,6%,Soleil et partiellement nuageux,56%
Zarzis,03/10/2019,26°,25°,44km/h,10km,30%,Soleil et partiellement nuageux,72%
Zarzis,04/10/2019,25°,23°,27km/h,10km,16%,Soleil et partiellement nuageux,60%
Zarzis,05/10/2019,29°,21°,15km/h,10km,0%,Ciel dégagé  pleinement ensoleillé,53%
Zarzis,06/10/2019,29°,23°,23km/h,70%,10km,Ciel dégagé  pleinement ensoleillé,0mm
Zarzis,07/10/2019,30°,22°,47km/h,80%,10km,Soleil et partiellement nuageux,1mm
Zarzis,08/10/2019,23°,22°,45km/h,75%,9.375km,Forte pluie continue,16mm
Zarzis,09/10/2019,25°,23°,26km/h,67%,9.25km,Pluie légère et soleil,7mm
Zarzis,10/10/2019,25°,23°,35km/h,75%,9.75km,Pluie légère et soleil,3mm
Zarzis,11/10/2019,24°,23°,24km/h,76%,10km,Nuageux,1mm
Zarzis,12/10/2019,25°,22°,14km/h,71%,10km,Nuageux,0mm
Zarzis,13/10/2019,25°,23°,19km/h,80%,10km,Pluie légère et soleil,1mm
Zarzis,14/10/2019,26°,23°,22km/h,79%,10km,Soleil et partiellement nuageux,0mm
Zarzis,15/10/2019,28°,24°,17km/h,72%,10km,Soleil et partiellement nuageux,1mm
Zarzis,16/10/2019,25°,24°,26km/h,75%,9.625km,Pluie légère et soleil,3mm
Zarzis,17/10/2019,25°,23°,18km/h,75%,9.75km,Soleil et partiellement nuageux,4mm
Zarzis,18/10/2019,26°,23°,16km/h,67%,10km,Soleil et partiellement nuageux,1mm
Zarzis,19/10/2019,26°,23°,19km/h,66%,10km,Soleil et partiellement nuageux,0mm
Zarzis,20/10/2019,28°,24°,27km/h,63%,10km,Soleil et partiellement nuageux,1mm
Zarzis,21/10/2019,26°,25°,38km/h,73%,10km,Soleil et partiellement nuageux,0mm
Zarzis,22/10/2019,27°,25°,36km/h,10km,5%,Soleil et partiellement nuageux,72%
Zarzis,23/10/2019,27°,24°,35km/h,62%,10km,Soleil et partiellement nuageux,0mm
Zarzis,24/10/2019,28°,25°,25km/h,55%,10km,Pluie légère et soleil,2mm
Zarzis,25/10/2019,23°,21°,26km/h,61%,10km,Soleil et partiellement nuageux,1mm
Zarzis,26/10/2019,23°,20°,24km/h,57%,10km,Soleil et partiellement nuageux,1mm
Zarzis,27/10/2019,23°,21°,20km/h,66%,9km,Couvert,9mm
Zarzis,28/10/2019,24°,22°,23km/h,78%,9.5km,Pluie forte ou modéré,10mm
Zarzis,29/10/2019,24°,22°,23km/h,76%,9.5km,Pluie forte ou modéré,5mm
Zarzis,30/10/2019,23°,22°,23km/h,73%,8.875km,Pluie forte ou modéré,15mm
Zarzis,31/10/2019,24°,20°,8km/h,70%,9.75km,Pluie légère et soleil,5mm
Zarzis,01/11/2019,24°,21°,26km/h,64%,9.75km,Soleil et partiellement nuageux,1mm
Zarzis,02/11/2019,23°,20°,12km/h,63%,10km,Soleil et partiellement nuageux,0mm
Zarzis,03/11/2019,27°,21°,22km/h,10km,22%,Soleil et partiellement nuageux,51%
Zarzis,04/11/2019,24°,23°,27km/h,10km,16%,Soleil et partiellement nuageux,65%
Zarzis,05/11/2019,27°,21°,21km/h,56%,10km,Ciel dégagé  pleinement ensoleillé,0mm
Zarzis,06/11/2019,24°,21°,30km/h,80%,9.625km,Soleil et partiellement nuageux,3mm
Zarzis,07/11/2019,20°,18°,24km/h,69%,8.875km,Soleil et partiellement nuageux,9mm
Zarzis,08/11/2019,22°,17°,23km/h,62%,10km,Soleil et partiellement nuageux,0mm
Zarzis,09/11/2019,20°,19°,17km/h,10km,10%,Soleil et partiellement nuageux,55%
Zarzis,10/11/2019,21°,16°,18km/h,46%,10km,Soleil et partiellement nuageux,0mm
Zarzis,11/11/2019,18°,15°,26km/h,60%,9.875km,Couvert,1mm
Zarzis,12/11/2019,18°,13°,43km/h,74%,10km,Pluie légère et soleil,2mm
Zarzis,13/11/2019,20°,16°,30km/h,60%,10km,Soleil et partiellement nuageux,1mm
Zarzis,14/11/2019,21°,16°,22km/h,51%,10km,Soleil et partiellement nuageux,0mm
Zarzis,15/11/2019,24°,18°,38km/h,10km,34%,Ciel dégagé  pleinement ensoleillé,48%
Zarzis,16/11/2019,27°,20°,31km/h,10km,42%,Soleil et partiellement nuageux,39%
Zarzis,17/11/2019,18°,15°,33km/h,10km,5%,Soleil et partiellement nuageux,56%
Zarzis,18/11/2019,18°,14°,19km/h,10km,8%,Soleil et partiellement nuageux,51%
Zarzis,19/11/2019,19°,15°,16km/h,65%,10km,Soleil et partiellement nuageux,0mm
Zarzis,20/11/2019,18°,15°,13km/h,64%,10km,Soleil et partiellement nuageux,1mm
Zarzis,21/11/2019,19°,15°,13km/h,45%,10km,Soleil et partiellement nuageux,0mm
Zarzis,22/11/2019,21°,16°,17km/h,10km,11%,Soleil et partiellement nuageux,39%
Zarzis,23/11/2019,23°,16°,24km/h,40%,10km,Soleil et partiellement nuageux,0mm
Zarzis,24/11/2019,18°,14°,33km/h,69%,9.875km,Soleil et partiellement nuageux,2mm
Zarzis,25/11/2019,18°,15°,31km/h,58%,10km,Soleil et partiellement nuageux,0mm
Zarzis,26/11/2019,19°,16°,29km/h,10km,21%,Soleil et partiellement nuageux,65%
Zarzis,27/11/2019,21°,15°,15km/h,10km,13%,Ciel dégagé  pleinement ensoleillé,56%
Zarzis,28/11/2019,22°,17°,21km/h,10km,70%,Couvert,59%
Zarzis,29/11/2019,22°,17°,6km/h,10km,76%,Couvert,71%
Zarzis,30/11/2019,20°,18°,15km/h,10km,7%,Soleil et partiellement nuageux,72%
Zarzis,01/12/2019,19°,17°,24km/h,10km,7%,Soleil et partiellement nuageux,78%
Zarzis,02/12/2019,22°,18°,29km/h,10km,26%,Ciel dégagé  pleinement ensoleillé,53%
Zarzis,03/12/2019,22°,17°,14km/h,10km,3%,Ciel dégagé  pleinement ensoleillé,45%
Zarzis,04/12/2019,22°,19°,28km/h,10km,24%,Couvert,72%
Zarzis,05/12/2019,20°,16°,11km/h,10km,2%,Soleil et partiellement nuageux,53%
Zarzis,06/12/2019,19°,16°,18km/h,10km,2%,Ciel dégagé  pleinement ensoleillé,64%
Zarzis,07/12/2019,20°,18°,13km/h,10km,51%,Soleil et partiellement nuageux,81%
Zarzis,08/12/2019,21°,19°,31km/h,79%,10km,Nuageux,0mm
Zarzis,09/12/2019,19°,17°,51km/h,79%,9.375km,Faibles averses de pluie,6mm
Zarzis,10/12/2019,17°,12°,47km/h,60%,10km,Soleil et partiellement nuageux,1mm
Zarzis,11/12/2019,16°,15°,54km/h,67%,9.875km,Pluie légère et soleil,3mm
Zarzis,12/12/2019,17°,13°,33km/h,52%,10km,Soleil et partiellement nuageux,0mm
Zarzis,13/12/2019,17°,13°,35km/h,10km,21%,Soleil et partiellement nuageux,55%
Zarzis,14/12/2019,20°,16°,35km/h,10km,5%,Soleil et partiellement nuageux,67%
Zarzis,15/12/2019,20°,16°,13km/h,10km,27%,Soleil et partiellement nuageux,63%
Zarzis,16/12/2019,21°,17°,21km/h,10km,3%,Soleil et partiellement nuageux,58%
Zarzis,17/12/2019,20°,16°,31km/h,10km,37%,Nuageux,57%
Zarzis,18/12/2019,20°,17°,31km/h,10km,38%,Couvert,56%
Zarzis,19/12/2019,19°,14°,21km/h,10km,6%,Soleil et partiellement nuageux,60%
Zarzis,20/12/2019,20°,14°,19km/h,10km,31%,Couvert,58%
Zarzis,21/12/2019,20°,15°,29km/h,10km,27%,Soleil et partiellement nuageux,55%
Zarzis,22/12/2019,21°,17°,33km/h,10km,5%,Soleil et partiellement nuageux,51%
Zarzis,23/12/2019,19°,16°,31km/h,10km,6%,Soleil et partiellement nuageux,59%
Zarzis,24/12/2019,17°,15°,31km/h,10km,13%,Soleil et partiellement nuageux,65%
Zarzis,25/12/2019,20°,16°,28km/h,10km,2%,Soleil et partiellement nuageux,60%
Zarzis,26/12/2019,19°,15°,18km/h,10km,2%,Ciel dégagé  pleinement ensoleillé,53%
Zarzis,27/12/2019,18°,15°,10km/h,60%,10km,Soleil et partiellement nuageux,0mm
Zarzis,28/12/2019,17°,15°,31km/h,71%,9.75km,Nuageux,1mm
Zarzis,29/12/2019,15°,13°,34km/h,61%,9.875km,Faibles averses de pluie,5mm
Zarzis,30/12/2019,13°,11°,35km/h,67%,9km,Faibles averses de pluie,11mm
Zarzis,31/12/2019,14°,11°,33km/h,67%,8.875km,Pluie forte ou modéré,14mm
